LocationName,ProductCount,LocationStockAvailable,ProductsBelowAlertPoint,ProductsOutOfStock,AvgCostPrice,AvgRetailPrice,LocationTotalCostValue,LocationTotalRetailValue,TotalProductCount,TotalLocationStockAvailable,TotalProductsBelowAlertPoint,TotalProductsOutOfStock,TotalAvgCostPrice,TotalAvgRetailPrice,TotalLocationTotalCostValue,TotalLocationTotalRetailValue
Scanlon Hair,520,735.00,84,72,20.51,34.87,"1,139.36","11,874.60",520,735.00,84,72,20.51,34.87,"1,139.36","11,874.60"

ProductName,SkuHandle,ProductLocation,StockAvailable,ReorderAlertThreshold,Textbox49,UnitCostPrice,UnitRetailPrice,TotalCostValue,TotalRetailValue,TotalStockAvailable,Textbox50,TotalUnitCostPrice,TotalUnitRetailPrice,TotalTotalCostValue,TotalTotalRetailValue
BaBylissPRO Ceramic Curling Iron 16mm,9338841008413,Scanlon Hair,Unlimited,,5.00,,55.00,,0.00,735.00,572.52,574.31,"6,555.60","1,139.36","11,874.60"
Brushworx Ceramic Brush BB-2,9325024014682,Scanlon Hair,2.00,,2.63,,28.95,,57.90,735.00,572.52,574.31,"6,555.60","1,139.36","11,874.60"
Cricket Thermal Static Free Brush 38,672555118792,Scanlon Hair,1.00,,2.36,,25.95,,25.95,735.00,572.52,574.31,"6,555.60","1,139.36","11,874.60"
Cricket Thermal Static Free Brush 53,672555118815,Scanlon Hair,1.00,,2.72,,29.95,,29.95,735.00,572.52,574.31,"6,555.60","1,139.36","11,874.60"
"Dia Light 10,12",3474630441897,Scanlon Hair,2.00,2,0.00,,0.00,,0.00,735.00,572.52,574.31,"6,555.60","1,139.36","11,874.60"
"Dia Light 10,13",3474630441965,Scanlon Hair,1.00,1,0.00,,0.00,,0.00,735.00,572.52,574.31,"6,555.60","1,139.36","11,874.60"
"Dia Light 10,21",3474630537378,Scanlon Hair,1.00,1,0.00,,0.00,,0.00,735.00,572.52,574.31,"6,555.60","1,139.36","11,874.60"
"Dia Light 10,22",3474630687455,Scanlon Hair,0.00,1,0.00,,0.00,,0.00,735.00,572.52,574.31,"6,555.60","1,139.36","11,874.60"
"Dia Light 10,32",3474630480872,Scanlon Hair,0.00,1,0.00,,0.00,,0.00,735.00,572.52,574.31,"6,555.60","1,139.36","11,874.60"
Dia Light 4,3474630399891,Scanlon Hair,1.00,0,0.00,,0.00,,0.00,735.00,572.52,574.31,"6,555.60","1,139.36","11,874.60"
"Dia Light 4,65",3474630401808,Scanlon Hair,0.00,1,0.00,,0.00,,0.00,735.00,572.52,574.31,"6,555.60","1,139.36","11,874.60"
Dia Light 5,3474630442061,Scanlon Hair,3.00,1,0.00,,0.00,,0.00,735.00,572.52,574.31,"6,555.60","1,139.36","11,874.60"
"Dia Light 5,12",3474630570948,Scanlon Hair,1.00,1,0.00,,0.00,,0.00,735.00,572.52,574.31,"6,555.60","1,139.36","11,874.60"
"Dia Light 5,4",,Scanlon Hair,0.00,1,0.00,,0.00,,0.00,735.00,572.52,574.31,"6,555.60","1,139.36","11,874.60"
"Dia Light 5,66",3474630401907,Scanlon Hair,2.00,1,0.00,,0.00,,0.00,735.00,572.52,574.31,"6,555.60","1,139.36","11,874.60"
"Dia Light 5,8",3474630687752,Scanlon Hair,1.00,1,0.00,,0.00,,0.00,735.00,572.52,574.31,"6,555.60","1,139.36","11,874.60"
Dia Light 6,3474630399990,Scanlon Hair,2.00,1,0.00,,0.00,,0.00,735.00,572.52,574.31,"6,555.60","1,139.36","11,874.60"
"Dia Light 6,1",3474630571044,Scanlon Hair,1.00,1,0.00,,0.00,,0.00,735.00,572.52,574.31,"6,555.60","1,139.36","11,874.60"
"Dia Light 6,11",3474636588275,Scanlon Hair,1.00,1,0.00,,0.00,,0.00,735.00,572.52,574.31,"6,555.60","1,139.36","11,874.60"
"Dia Light 6,3",3474630400900,Scanlon Hair,1.00,1,0.00,,0.00,,0.00,735.00,572.52,574.31,"6,555.60","1,139.36","11,874.60"
"Dia Light 6,34",,Scanlon Hair,0.00,1,0.00,,0.00,,0.00,735.00,572.52,574.31,"6,555.60","1,139.36","11,874.60"
Dia Light 7,3474630442160,Scanlon Hair,1.00,1,0.00,,0.00,,0.00,735.00,572.52,574.31,"6,555.60","1,139.36","11,874.60"
"Dia Light 7,11",3474636588329,Scanlon Hair,1.00,1,0.00,,0.00,,0.00,735.00,572.52,574.31,"6,555.60","1,139.36","11,874.60"
"Dia Light 7,12",3474630537170,Scanlon Hair,1.00,1,0.00,,0.00,,0.00,735.00,572.52,574.31,"6,555.60","1,139.36","11,874.60"
"Dia Light 7,18",3474636588374,Scanlon Hair,1.00,1,0.00,,0.00,,0.00,735.00,572.52,574.31,"6,555.60","1,139.36","11,874.60"
"Dia Light 7,23",3474630537071,Scanlon Hair,1.00,1,0.00,,0.00,,0.00,735.00,572.52,574.31,"6,555.60","1,139.36","11,874.60"
"Dia Light 7,31",3474630401006,Scanlon Hair,2.00,1,0.00,,0.00,,0.00,735.00,572.52,574.31,"6,555.60","1,139.36","11,874.60"
"Dia Light 7,35",,Scanlon Hair,0.00,1,0.00,,0.00,,0.00,735.00,572.52,574.31,"6,555.60","1,139.36","11,874.60"
"Dia Light 7,4",3474630536975,Scanlon Hair,1.00,1,0.00,,0.00,,0.00,735.00,572.52,574.31,"6,555.60","1,139.36","11,874.60"
"Dia Light 7,43",3474630401709,Scanlon Hair,1.00,1,0.00,,0.00,,0.00,735.00,572.52,574.31,"6,555.60","1,139.36","11,874.60"
"Dia Light 7,8",3474630687950,Scanlon Hair,1.00,1,0.00,,0.00,,0.00,735.00,572.52,574.31,"6,555.60","1,139.36","11,874.60"
Dia Light 8,3474630400092,Scanlon Hair,1.00,1,0.00,,0.00,,0.00,735.00,572.52,574.31,"6,555.60","1,139.36","11,874.60"
"Dia Light 8,1",3474630571143,Scanlon Hair,1.00,1,0.00,,0.00,,0.00,735.00,572.52,574.31,"6,555.60","1,139.36","11,874.60"
"Dia Light 8,23",3474630570740,Scanlon Hair,1.00,1,0.00,,0.00,,0.00,735.00,572.52,574.31,"6,555.60","1,139.36","11,874.60"
"Dia Light 8,3",3474630400290,Scanlon Hair,1.00,1,0.00,,0.00,,0.00,735.00,572.52,574.31,"6,555.60","1,139.36","11,874.60"
"Dia Light 8,34",3474630400702,Scanlon Hair,1.00,1,0.00,,0.00,,0.00,735.00,572.52,574.31,"6,555.60","1,139.36","11,874.60"
"Dia Light 9,01",3474630400504,Scanlon Hair,1.00,1,0.00,,0.00,,0.00,735.00,572.52,574.31,"6,555.60","1,139.36","11,874.60"
"Dia Light 9,02",3474630400436,Scanlon Hair,2.00,2,0.00,,0.00,,0.00,735.00,572.52,574.31,"6,555.60","1,139.36","11,874.60"
"Dia Light 9,03",3474630400603,Scanlon Hair,1.00,1,0.00,,0.00,,0.00,735.00,572.52,574.31,"6,555.60","1,139.36","11,874.60"
"Dia Light 9,11",3474630480773,Scanlon Hair,0.00,1,0.00,,0.00,,0.00,735.00,572.52,574.31,"6,555.60","1,139.36","11,874.60"
"Dia Light 9,12",3474630537279,Scanlon Hair,1.00,2,0.00,,0.00,,0.00,735.00,572.52,574.31,"6,555.60","1,139.36","11,874.60"
"Dia Light 9,13",3474630400832,Scanlon Hair,0.00,1,0.00,,0.00,,0.00,735.00,572.52,574.31,"6,555.60","1,139.36","11,874.60"
"Dia Light 9,21",3474636588220,Scanlon Hair,0.00,1,0.00,,0.00,,0.00,735.00,572.52,574.31,"6,555.60","1,139.36","11,874.60"
"Dia Light 9,3",3474630409637,Scanlon Hair,1.00,1,0.00,,0.00,,0.00,735.00,572.52,574.31,"6,555.60","1,139.36","11,874.60"
"Dia Light 9,31",3474636417551,Scanlon Hair,1.00,1,0.00,,0.00,,0.00,735.00,572.52,574.31,"6,555.60","1,139.36","11,874.60"
Dia Light Clear,3474630400191,Scanlon Hair,1.00,2,0.00,,0.00,,0.00,735.00,572.52,574.31,"6,555.60","1,139.36","11,874.60"
"Dia Richesse ,20",3474636602193,Scanlon Hair,1.00,1,0.00,,0.00,,0.00,735.00,572.52,574.31,"6,555.60","1,139.36","11,874.60"
"Dia Richesse ,24",3474636608713,Scanlon Hair,1.00,1,0.00,,0.00,,0.00,735.00,572.52,574.31,"6,555.60","1,139.36","11,874.60"
"Dia Richesse ,26",3474636602148,Scanlon Hair,2.00,2,0.00,,0.00,,0.00,735.00,572.52,574.31,"6,555.60","1,139.36","11,874.60"
Dia Richesse 1,3474630397552,Scanlon Hair,4.00,1,0.00,,0.00,,0.00,735.00,572.52,574.31,"6,555.60","1,139.36","11,874.60"
"Dia Richesse 10,12",3474630549456,Scanlon Hair,1.00,1,0.00,,0.00,,0.00,735.00,572.52,574.31,"6,555.60","1,139.36","11,874.60"
Dia Richesse 3,3474630397699,Scanlon Hair,1.00,1,0.00,,0.00,,0.00,735.00,572.52,574.31,"6,555.60","1,139.36","11,874.60"
Dia Richesse 4,3474630397798,Scanlon Hair,1.00,1,0.00,,0.00,,0.00,735.00,572.52,574.31,"6,555.60","1,139.36","11,874.60"
"Dia Richesse 4,15",3474630399099,Scanlon Hair,1.00,1,0.00,,0.00,,0.00,735.00,572.52,574.31,"6,555.60","1,139.36","11,874.60"
"Dia Richesse 4,20",3474630399594,Scanlon Hair,1.00,1,0.00,,0.00,,0.00,735.00,572.52,574.31,"6,555.60","1,139.36","11,874.60"
"Dia Richesse 4,62",3474630399693,Scanlon Hair,3.00,2,0.00,,0.00,,0.00,735.00,572.52,574.31,"6,555.60","1,139.36","11,874.60"
"Dia Richesse 4,8",3474630570146,Scanlon Hair,1.00,1,0.00,,0.00,,0.00,735.00,572.52,574.31,"6,555.60","1,139.36","11,874.60"
Dia Richesse 5,3474630397897,Scanlon Hair,3.00,3,0.00,,0.00,,0.00,735.00,572.52,574.31,"6,555.60","1,139.36","11,874.60"
"Dia Richesse 5,01",3474630478732,Scanlon Hair,1.00,1,0.00,,0.00,,0.00,735.00,572.52,574.31,"6,555.60","1,139.36","11,874.60"
"Dia Richesse 5,12",3474630456723,Scanlon Hair,0.00,1,0.00,,0.00,,0.00,735.00,572.52,574.31,"6,555.60","1,139.36","11,874.60"
"Dia Richesse 5,13",3474634004180,Scanlon Hair,3.00,1,0.00,,0.00,,0.00,735.00,572.52,574.31,"6,555.60","1,139.36","11,874.60"
"Dia Richesse 5,15",3474630399396,Scanlon Hair,1.00,1,0.00,,0.00,,0.00,735.00,572.52,574.31,"6,555.60","1,139.36","11,874.60"
"Dia Richesse 5,25",3474630399297,Scanlon Hair,1.00,1,0.00,,0.00,,0.00,735.00,572.52,574.31,"6,555.60","1,139.36","11,874.60"
"Dia Richesse 5,3",3474630479074,Scanlon Hair,1.00,1,0.00,,0.00,,0.00,735.00,572.52,574.31,"6,555.60","1,139.36","11,874.60"
"Dia Richesse 5,32",3474630398696,Scanlon Hair,2.00,1,0.00,,0.00,,0.00,735.00,572.52,574.31,"6,555.60","1,139.36","11,874.60"
"Dia Richesse 5,35",3474630442863,Scanlon Hair,1.00,1,0.00,,0.00,,0.00,735.00,572.52,574.31,"6,555.60","1,139.36","11,874.60"
"Dia Richesse 5,52",3474630456822,Scanlon Hair,1.00,1,0.00,,0.00,,0.00,735.00,572.52,574.31,"6,555.60","1,139.36","11,874.60"
"Dia Richesse 5,60",3474630480278,Scanlon Hair,1.00,1,0.00,,0.00,,0.00,735.00,572.52,574.31,"6,555.60","1,139.36","11,874.60"
"Dia Richesse 5,8",3474630570245,Scanlon Hair,4.00,1,0.00,,0.00,,0.00,735.00,572.52,574.31,"6,555.60","1,139.36","11,874.60"
Dia Richesse 6,3474630397996,Scanlon Hair,3.00,6,0.00,,0.00,,0.00,735.00,572.52,574.31,"6,555.60","1,139.36","11,874.60"
"Dia Richesse 6,01",3474630443464,Scanlon Hair,1.00,1,0.00,,0.00,,0.00,735.00,572.52,574.31,"6,555.60","1,139.36","11,874.60"
"Dia Richesse 6,12",3474630457027,Scanlon Hair,0.00,2,0.00,,0.00,,0.00,735.00,572.52,574.31,"6,555.60","1,139.36","11,874.60"
"Dia Richesse 6,13",3474630399495,Scanlon Hair,1.00,1,0.00,,0.00,,0.00,735.00,572.52,574.31,"6,555.60","1,139.36","11,874.60"
"Dia Richesse 6,23",3474630443068,Scanlon Hair,0.00,2,0.00,,0.00,,0.00,735.00,572.52,574.31,"6,555.60","1,139.36","11,874.60"
"Dia Richesse 6,3",3474630478978,Scanlon Hair,1.00,1,0.00,,0.00,,0.00,735.00,572.52,574.31,"6,555.60","1,139.36","11,874.60"
"Dia Richesse 6,34",3474630398894,Scanlon Hair,1.00,1,0.00,,0.00,,0.00,735.00,572.52,574.31,"6,555.60","1,139.36","11,874.60"
"Dia Richesse 6,35",3474630398795,Scanlon Hair,1.00,1,0.00,,0.00,,0.00,735.00,572.52,574.31,"6,555.60","1,139.36","11,874.60"
"Dia Richesse 6,45",3474630480377,Scanlon Hair,1.00,1,0.00,,0.00,,0.00,735.00,572.52,574.31,"6,555.60","1,139.36","11,874.60"
"Dia Richesse 6,64",3474630480476,Scanlon Hair,1.00,1,0.00,,0.00,,0.00,735.00,572.52,574.31,"6,555.60","1,139.36","11,874.60"
"Dia Richesse 6,8",3474630570344,Scanlon Hair,4.00,1,0.00,,0.00,,0.00,735.00,572.52,574.31,"6,555.60","1,139.36","11,874.60"
Dia Richesse 7,3474630398122,Scanlon Hair,5.00,6,0.00,,0.00,,0.00,735.00,572.52,574.31,"6,555.60","1,139.36","11,874.60"
"Dia Richesse 7,01",3474630457225,Scanlon Hair,1.00,1,0.00,,0.00,,0.00,735.00,572.52,574.31,"6,555.60","1,139.36","11,874.60"
"Dia Richesse 7,13",3474630457355,Scanlon Hair,1.00,1,0.00,,0.00,,0.00,735.00,572.52,574.31,"6,555.60","1,139.36","11,874.60"
"Dia Richesse 7,23",3474630442368,Scanlon Hair,3.00,3,0.00,,0.00,,0.00,735.00,572.52,574.31,"6,555.60","1,139.36","11,874.60"
"Dia Richesse 7,30",3474630398399,Scanlon Hair,2.00,2,0.00,,0.00,,0.00,735.00,572.52,574.31,"6,555.60","1,139.36","11,874.60"
"Dia Richesse 7,31",3474630398993,Scanlon Hair,0.00,1,0.00,,0.00,,0.00,735.00,572.52,574.31,"6,555.60","1,139.36","11,874.60"
"Dia Richesse 7,32",3474630442467,Scanlon Hair,2.00,1,0.00,,0.00,,0.00,735.00,572.52,574.31,"6,555.60","1,139.36","11,874.60"
"Dia Richesse 7,8",3474630570443,Scanlon Hair,1.00,1,0.00,,0.00,,0.00,735.00,572.52,574.31,"6,555.60","1,139.36","11,874.60"
Dia Richesse 8,3474630398191,Scanlon Hair,4.00,4,0.00,,0.00,,0.00,735.00,572.52,574.31,"6,555.60","1,139.36","11,874.60"
"Dia Richesse 8,02",3474630457522,Scanlon Hair,1.00,2,0.00,,0.00,,0.00,735.00,572.52,574.31,"6,555.60","1,139.36","11,874.60"
"Dia Richesse 8,13",3474630479579,Scanlon Hair,1.00,1,0.00,,0.00,,0.00,735.00,572.52,574.31,"6,555.60","1,139.36","11,874.60"
"Dia Richesse 8,3",3474630479173,Scanlon Hair,1.00,1,0.00,,0.00,,0.00,735.00,572.52,574.31,"6,555.60","1,139.36","11,874.60"
"Dia Richesse 8,31",3474630398498,Scanlon Hair,1.00,1,0.00,,0.00,,0.00,735.00,572.52,574.31,"6,555.60","1,139.36","11,874.60"
Dia Richesse 9,3474630478633,Scanlon Hair,2.00,2,0.00,,0.00,,0.00,735.00,572.52,574.31,"6,555.60","1,139.36","11,874.60"
"Dia Richesse 9,01",3474630549241,Scanlon Hair,2.00,1,0.00,,0.00,,0.00,735.00,572.52,574.31,"6,555.60","1,139.36","11,874.60"
"Dia Richesse 9,02",3474630549357,Scanlon Hair,1.00,1,0.00,,0.00,,0.00,735.00,572.52,574.31,"6,555.60","1,139.36","11,874.60"
"Dia Richesse 9,13",3474630479470,Scanlon Hair,1.00,1,0.00,,0.00,,0.00,735.00,572.52,574.31,"6,555.60","1,139.36","11,874.60"
"Dia Richesse 9,31",3474630442665,Scanlon Hair,2.00,1,0.00,,0.00,,0.00,735.00,572.52,574.31,"6,555.60","1,139.36","11,874.60"
Dia Richesse Clear,3474630398290,Scanlon Hair,2.00,2,0.00,,0.00,,0.00,735.00,572.52,574.31,"6,555.60","1,139.36","11,874.60"
Dia Richesse S11,3474636608669,Scanlon Hair,1.00,1,0.00,,0.00,,0.00,735.00,572.52,574.31,"6,555.60","1,139.36","11,874.60"
EVY QuadTech Brush 33mm,9345892000228,Scanlon Hair,0.00,,4.09,,44.95,,0.00,735.00,572.52,574.31,"6,555.60","1,139.36","11,874.60"
EVY QuadTech Brush 43mm,9345892000204,Scanlon Hair,0.00,,4.09,,44.95,,0.00,735.00,572.52,574.31,"6,555.60","1,139.36","11,874.60"
EVY QuadTech Brush 53mm,9345892000198,Scanlon Hair,0.00,,4.09,,44.95,,0.00,735.00,572.52,574.31,"6,555.60","1,139.36","11,874.60"
EVY Schima Mixed Bristle Round Brush 25mm,9345892000266,Scanlon Hair,1.00,,4.54,,49.95,,49.95,735.00,572.52,574.31,"6,555.60","1,139.36","11,874.60"
EVY Schima Mixed Bristle Round Brush 30mm,9345892000273,Scanlon Hair,2.00,,4.54,,49.95,,99.90,735.00,572.52,574.31,"6,555.60","1,139.36","11,874.60"
EVY Schima Mixed Bristle Round Brush 40mm ,9345892000280,Scanlon Hair,0.00,,4.54,,49.95,,0.00,735.00,572.52,574.31,"6,555.60","1,139.36","11,874.60"
GHD Platinum Styler,5060356733156,Scanlon Hair,1.00,,28.64,,315.00,,315.00,735.00,572.52,574.31,"6,555.60","1,139.36","11,874.60"
GHD Style Final Shine Spray 100ml,5060034527442,Scanlon Hair,2.00,,1.82,,20.00,,40.00,735.00,572.52,574.31,"6,555.60","1,139.36","11,874.60"
GHD V Gold Styler Gift Set,5060034520092,Scanlon Hair,2.00,,24.45,,269.00,,538.00,735.00,572.52,574.31,"6,555.60","1,139.36","11,874.60"
Inoa 1,3474630412118,Scanlon Hair,1.00,1,0.00,,0.00,,0.00,735.00,572.52,574.31,"6,555.60","1,139.36","11,874.60"
Inoa 10,3474630412217,Scanlon Hair,1.00,1,0.00,,0.00,,0.00,735.00,572.52,574.31,"6,555.60","1,139.36","11,874.60"
"Inoa 10,01",3474630484016,Scanlon Hair,2.00,1,0.00,,0.00,,0.00,735.00,572.52,574.31,"6,555.60","1,139.36","11,874.60"
"Inoa 10,23 Blond Resist",3474636383078,Scanlon Hair,1.00,1,0.00,,0.00,,0.00,735.00,572.52,574.31,"6,555.60","1,139.36","11,874.60"
Inoa 3,3474630412644,Scanlon Hair,2.00,2,0.00,,0.00,,0.00,735.00,572.52,574.31,"6,555.60","1,139.36","11,874.60"
Inoa 4,3474630412743,Scanlon Hair,1.00,2,0.00,,0.00,,0.00,735.00,572.52,574.31,"6,555.60","1,139.36","11,874.60"
"Inoa 4,0",3474630462366,Scanlon Hair,1.00,1,0.00,,0.00,,0.00,735.00,572.52,574.31,"6,555.60","1,139.36","11,874.60"
"Inoa 4,07",3474630568020,Scanlon Hair,1.00,0,0.00,,0.00,,0.00,735.00,572.52,574.31,"6,555.60","1,139.36","11,874.60"
"Inoa 4,15",3474630412842,Scanlon Hair,1.00,1,0.00,,0.00,,0.00,735.00,572.52,574.31,"6,555.60","1,139.36","11,874.60"
"Inoa 4,20",3474630412941,Scanlon Hair,1.00,1,0.00,,0.00,,0.00,735.00,572.52,574.31,"6,555.60","1,139.36","11,874.60"
"Inoa 4,3",3474630413146,Scanlon Hair,2.00,1,0.00,,0.00,,0.00,735.00,572.52,574.31,"6,555.60","1,139.36","11,874.60"
"Inoa 4,45",3474630413344,Scanlon Hair,1.00,1,0.00,,0.00,,0.00,735.00,572.52,574.31,"6,555.60","1,139.36","11,874.60"
"Inoa 4,56",3474636403844,Scanlon Hair,1.00,1,0.00,,0.00,,0.00,735.00,572.52,574.31,"6,555.60","1,139.36","11,874.60"
"Inoa 4,8",3474630696167,Scanlon Hair,1.00,1,0.00,,0.00,,0.00,735.00,572.52,574.31,"6,555.60","1,139.36","11,874.60"
Inoa 5,3474630413641,Scanlon Hair,2.00,3,0.00,,0.00,,0.00,735.00,572.52,574.31,"6,555.60","1,139.36","11,874.60"
"Inoa 5,0",3474630462403,Scanlon Hair,2.00,,0.00,,0.00,,0.00,735.00,572.52,574.31,"6,555.60","1,139.36","11,874.60"
"Inoa 5,12",3474636448265,Scanlon Hair,1.00,1,0.00,,0.00,,0.00,735.00,572.52,574.31,"6,555.60","1,139.36","11,874.60"
"Inoa 5,15",3474636432721,Scanlon Hair,1.00,1,0.00,,0.00,,0.00,735.00,572.52,574.31,"6,555.60","1,139.36","11,874.60"
"Inoa 5,17",3474630446755,Scanlon Hair,1.00,1,0.00,,0.00,,0.00,735.00,572.52,574.31,"6,555.60","1,139.36","11,874.60"
"Inoa 5,25",3474636401123,Scanlon Hair,1.00,1,0.00,,0.00,,0.00,735.00,572.52,574.31,"6,555.60","1,139.36","11,874.60"
"Inoa 5,3",3474630660540,Scanlon Hair,1.00,1,0.00,,0.00,,0.00,735.00,572.52,574.31,"6,555.60","1,139.36","11,874.60"
"Inoa 5,32",3474630414044,Scanlon Hair,1.00,1,0.00,,0.00,,0.00,735.00,572.52,574.31,"6,555.60","1,139.36","11,874.60"
"Inoa 5,35",3474630414143,Scanlon Hair,3.00,1,0.00,,0.00,,0.00,735.00,572.52,574.31,"6,555.60","1,139.36","11,874.60"
"Inoa 5,4",3474630414242,Scanlon Hair,1.00,1,0.00,,0.00,,0.00,735.00,572.52,574.31,"6,555.60","1,139.36","11,874.60"
"Inoa 5,45",3474630446854,Scanlon Hair,2.00,1,0.00,,0.00,,0.00,735.00,572.52,574.31,"6,555.60","1,139.36","11,874.60"
"Inoa 5,5",3474636403837,Scanlon Hair,1.00,1,0.00,,0.00,,0.00,735.00,572.52,574.31,"6,555.60","1,139.36","11,874.60"
"Inoa 5,56",3474630447158,Scanlon Hair,1.00,0,0.00,,0.00,,0.00,735.00,572.52,574.31,"6,555.60","1,139.36","11,874.60"
"Inoa 5,62",,Scanlon Hair,0.00,0,0.00,,0.00,,0.00,735.00,572.52,574.31,"6,555.60","1,139.36","11,874.60"
"Inoa 5,8",3474630540927,Scanlon Hair,1.00,1,0.00,,0.00,,0.00,735.00,572.52,574.31,"6,555.60","1,139.36","11,874.60"
Inoa 6,3474630414648,Scanlon Hair,3.00,3,0.00,,0.00,,0.00,735.00,572.52,574.31,"6,555.60","1,139.36","11,874.60"
"Inoa 6,0",3474630491717,Scanlon Hair,0.00,1,0.00,,0.00,,0.00,735.00,572.52,574.31,"6,555.60","1,139.36","11,874.60"
"Inoa 6,1",3474630414747,Scanlon Hair,1.00,1,0.00,,0.00,,0.00,735.00,572.52,574.31,"6,555.60","1,139.36","11,874.60"
"Inoa 6,17",3474630642065,Scanlon Hair,1.00,1,0.00,,0.00,,0.00,735.00,572.52,574.31,"6,555.60","1,139.36","11,874.60"
"Inoa 6,18",,Scanlon Hair,1.00,1,0.00,,0.00,,0.00,735.00,572.52,574.31,"6,555.60","1,139.36","11,874.60"
"Inoa 6,23",3474630414846,Scanlon Hair,1.00,1,0.00,,0.00,,0.00,735.00,572.52,574.31,"6,555.60","1,139.36","11,874.60"
"Inoa 6,3",3474630660656,Scanlon Hair,2.00,1,0.00,,0.00,,0.00,735.00,572.52,574.31,"6,555.60","1,139.36","11,874.60"
"Inoa 6,32",3474630415041,Scanlon Hair,2.00,1,0.00,,0.00,,0.00,735.00,572.52,574.31,"6,555.60","1,139.36","11,874.60"
"Inoa 6,34",3474630415140,Scanlon Hair,2.00,1,0.00,,0.00,,0.00,735.00,572.52,574.31,"6,555.60","1,139.36","11,874.60"
"Inoa 6,35",3474630529939,Scanlon Hair,1.00,1,0.00,,0.00,,0.00,735.00,572.52,574.31,"6,555.60","1,139.36","11,874.60"
"Inoa 6,40",3474630481572,Scanlon Hair,1.00,0,0.00,,0.00,,0.00,735.00,572.52,574.31,"6,555.60","1,139.36","11,874.60"
"Inoa 6,42",3474630482470,Scanlon Hair,1.00,1,0.00,,0.00,,0.00,735.00,572.52,574.31,"6,555.60","1,139.36","11,874.60"
"Inoa 6,45",3474630415249,Scanlon Hair,1.00,1,0.00,,0.00,,0.00,735.00,572.52,574.31,"6,555.60","1,139.36","11,874.60"
"Inoa 6,46",3474630415348,Scanlon Hair,1.00,1,0.00,,0.00,,0.00,735.00,572.52,574.31,"6,555.60","1,139.36","11,874.60"
"Inoa 6,64",3474630447356,Scanlon Hair,2.00,0,0.00,,0.00,,0.00,735.00,572.52,574.31,"6,555.60","1,139.36","11,874.60"
"Inoa 6,8",3474630541023,Scanlon Hair,1.00,1,0.00,,0.00,,0.00,735.00,572.52,574.31,"6,555.60","1,139.36","11,874.60"
Inoa 7,3474630415546,Scanlon Hair,3.00,4,0.00,,0.00,,0.00,735.00,572.52,574.31,"6,555.60","1,139.36","11,874.60"
"Inoa 7,0",3474630491816,Scanlon Hair,1.00,1,0.00,,0.00,,0.00,735.00,572.52,574.31,"6,555.60","1,139.36","11,874.60"
"Inoa 7,07",3474630568129,Scanlon Hair,1.00,1,0.00,,0.00,,0.00,735.00,572.52,574.31,"6,555.60","1,139.36","11,874.60"
"Inoa 7,1",3474630415645,Scanlon Hair,1.00,1,0.00,,0.00,,0.00,735.00,572.52,574.31,"6,555.60","1,139.36","11,874.60"
"Inoa 7,11 Blond Resist",3474636383108,Scanlon Hair,1.00,1,0.00,,0.00,,0.00,735.00,572.52,574.31,"6,555.60","1,139.36","11,874.60"
"Inoa 7,13",3474630415744,Scanlon Hair,1.00,1,0.00,,0.00,,0.00,735.00,572.52,574.31,"6,555.60","1,139.36","11,874.60"
"Inoa 7,18",3474630696365,Scanlon Hair,1.00,1,0.00,,0.00,,0.00,735.00,572.52,574.31,"6,555.60","1,139.36","11,874.60"
"Inoa 7,23",,Scanlon Hair,1.00,1,0.00,,0.00,,0.00,735.00,572.52,574.31,"6,555.60","1,139.36","11,874.60"
"Inoa 7,3",3474630660748,Scanlon Hair,0.00,2,0.00,,0.00,,0.00,735.00,572.52,574.31,"6,555.60","1,139.36","11,874.60"
"Inoa 7,31",3474630416048,Scanlon Hair,1.00,1,0.00,,0.00,,0.00,735.00,572.52,574.31,"6,555.60","1,139.36","11,874.60"
"Inoa 7,34",3474630447455,Scanlon Hair,1.00,1,0.00,,0.00,,0.00,735.00,572.52,574.31,"6,555.60","1,139.36","11,874.60"
"Inoa 7,35",3474630416147,Scanlon Hair,1.00,0,0.00,,0.00,,0.00,735.00,572.52,574.31,"6,555.60","1,139.36","11,874.60"
"Inoa 7,4",3474630642454,Scanlon Hair,1.00,1,0.00,,0.00,,0.00,735.00,572.52,574.31,"6,555.60","1,139.36","11,874.60"
"Inoa 7,43",3474630416246,Scanlon Hair,1.00,2,0.00,,0.00,,0.00,735.00,572.52,574.31,"6,555.60","1,139.36","11,874.60"
"Inoa 7,44",3474630482401,Scanlon Hair,2.00,1,0.00,,0.00,,0.00,735.00,572.52,574.31,"6,555.60","1,139.36","11,874.60"
"Inoa 7,45",3474630482272,Scanlon Hair,1.00,1,0.00,,0.00,,0.00,735.00,572.52,574.31,"6,555.60","1,139.36","11,874.60"
"Inoa 7,8",3474630541122,Scanlon Hair,1.00,1,0.00,,0.00,,0.00,735.00,572.52,574.31,"6,555.60","1,139.36","11,874.60"
Inoa 8,3474630416345,Scanlon Hair,3.00,4,0.00,,0.00,,0.00,735.00,572.52,574.31,"6,555.60","1,139.36","11,874.60"
"Inoa 8,0",3474630642850,Scanlon Hair,0.00,1,0.00,,0.00,,0.00,735.00,572.52,574.31,"6,555.60","1,139.36","11,874.60"
"Inoa 8,1",3474630416444,Scanlon Hair,1.00,1,0.00,,0.00,,0.00,735.00,572.52,574.31,"6,555.60","1,139.36","11,874.60"
"Inoa 8,11",3474630568525,Scanlon Hair,1.00,1,0.00,,0.00,,0.00,735.00,572.52,574.31,"6,555.60","1,139.36","11,874.60"
"Inoa 8,13",3474630447554,Scanlon Hair,1.00,1,0.00,,0.00,,0.00,735.00,572.52,574.31,"6,555.60","1,139.36","11,874.60"
"Inoa 8,21 Blond Resist",3474636383085,Scanlon Hair,2.00,2,0.00,,0.00,,0.00,735.00,572.52,574.31,"6,555.60","1,139.36","11,874.60"
"Inoa 8,23",3474630484214,Scanlon Hair,1.00,1,0.00,,0.00,,0.00,735.00,572.52,574.31,"6,555.60","1,139.36","11,874.60"
"Inoa 8,3",,Scanlon Hair,1.00,1,0.00,,0.00,,0.00,735.00,572.52,574.31,"6,555.60","1,139.36","11,874.60"
"Inoa 8,31",,Scanlon Hair,1.00,1,0.00,,0.00,,0.00,735.00,572.52,574.31,"6,555.60","1,139.36","11,874.60"
"Inoa 8,34",,Scanlon Hair,1.00,1,0.00,,0.00,,0.00,735.00,572.52,574.31,"6,555.60","1,139.36","11,874.60"
"Inoa 8,40",3474630484511,Scanlon Hair,1.00,1,0.00,,0.00,,0.00,735.00,572.52,574.31,"6,555.60","1,139.36","11,874.60"
"Inoa 8,8",3474630696464,Scanlon Hair,1.00,1,0.00,,0.00,,0.00,735.00,572.52,574.31,"6,555.60","1,139.36","11,874.60"
Inoa 9,3474630416833,Scanlon Hair,2.00,2,0.00,,0.00,,0.00,735.00,572.52,574.31,"6,555.60","1,139.36","11,874.60"
"Inoa 9,0",3474630642959,Scanlon Hair,0.00,1,0.00,,0.00,,0.00,735.00,572.52,574.31,"6,555.60","1,139.36","11,874.60"
"Inoa 9,01",3474630482678,Scanlon Hair,1.00,0,0.00,,0.00,,0.00,735.00,572.52,574.31,"6,555.60","1,139.36","11,874.60"
"Inoa 9,1",3474630447653,Scanlon Hair,1.00,1,0.00,,0.00,,0.00,735.00,572.52,574.31,"6,555.60","1,139.36","11,874.60"
"Inoa 9,11",3474630642355,Scanlon Hair,1.00,1,0.00,,0.00,,0.00,735.00,572.52,574.31,"6,555.60","1,139.36","11,874.60"
"Inoa 9,12 Blond Resist",3474636383092,Scanlon Hair,1.00,1,0.00,,0.00,,0.00,735.00,572.52,574.31,"6,555.60","1,139.36","11,874.60"
"Inoa 9,13",3474630416932,Scanlon Hair,1.00,1,0.00,,0.00,,0.00,735.00,572.52,574.31,"6,555.60","1,139.36","11,874.60"
"Inoa 9,22 Blond Resist",3474636383122,Scanlon Hair,1.00,1,0.00,,0.00,,0.00,735.00,572.52,574.31,"6,555.60","1,139.36","11,874.60"
"Inoa 9,3",3474630660946,Scanlon Hair,1.00,1,0.00,,0.00,,0.00,735.00,572.52,574.31,"6,555.60","1,139.36","11,874.60"
"Inoa 9,8",3474630696563,Scanlon Hair,1.00,1,0.00,,0.00,,0.00,735.00,572.52,574.31,"6,555.60","1,139.36","11,874.60"
Inoa Blue,3474630673373,Scanlon Hair,1.00,1,0.00,,0.00,,0.00,735.00,572.52,574.31,"6,555.60","1,139.36","11,874.60"
"Inoa Carmilane 4,62",3474630634602,Scanlon Hair,1.00,1,0.00,,0.00,,0.00,735.00,572.52,574.31,"6,555.60","1,139.36","11,874.60"
"Inoa Carmilane 5,6",3474630634701,Scanlon Hair,1.00,1,0.00,,0.00,,0.00,735.00,572.52,574.31,"6,555.60","1,139.36","11,874.60"
"Inoa Carmilane 6,66",3474630634909,Scanlon Hair,2.00,1,0.00,,0.00,,0.00,735.00,572.52,574.31,"6,555.60","1,139.36","11,874.60"
Inoa Clear,3474630655379,Scanlon Hair,2.00,2,0.00,,0.00,,0.00,735.00,572.52,574.31,"6,555.60","1,139.36","11,874.60"
Inoa Green,3474630673472,Scanlon Hair,1.00,1,0.00,,0.00,,0.00,735.00,572.52,574.31,"6,555.60","1,139.36","11,874.60"
"Inoa Supreme 10,13",3474630489561,Scanlon Hair,1.00,1,0.00,,0.00,,0.00,735.00,572.52,574.31,"6,555.60","1,139.36","11,874.60"
"Inoa Supreme 6,23",3474630488762,Scanlon Hair,1.00,2,0.00,,0.00,,0.00,735.00,572.52,574.31,"6,555.60","1,139.36","11,874.60"
"Inoa Supreme 7,32",3474630488564,Scanlon Hair,1.00,1,0.00,,0.00,,0.00,735.00,572.52,574.31,"6,555.60","1,139.36","11,874.60"
"Inoa Supreme 7,34",3474630489264,Scanlon Hair,1.00,1,0.00,,0.00,,0.00,735.00,572.52,574.31,"6,555.60","1,139.36","11,874.60"
"Inoa Supreme 8,13",3474630488861,Scanlon Hair,0.00,1,0.00,,0.00,,0.00,735.00,572.52,574.31,"6,555.60","1,139.36","11,874.60"
"Inoa Supreme 8,23",3474630490352,Scanlon Hair,1.00,1,0.00,,0.00,,0.00,735.00,572.52,574.31,"6,555.60","1,139.36","11,874.60"
"Inoa Supreme 8,31",3474630488663,Scanlon Hair,1.00,1,0.00,,0.00,,0.00,735.00,572.52,574.31,"6,555.60","1,139.36","11,874.60"
"Inoa Supreme 9,13",3474630489752,Scanlon Hair,1.00,1,0.00,,0.00,,0.00,735.00,572.52,574.31,"6,555.60","1,139.36","11,874.60"
Latino Keratin Infused Conditioner  470ml,9342495000310,Scanlon Hair,2.00,,3.18,,35.00,,70.00,735.00,572.52,574.31,"6,555.60","1,139.36","11,874.60"
Latino Keratin Infused Shampoo  470ml,9342495000303,Scanlon Hair,1.00,,3.18,,35.00,,35.00,735.00,572.52,574.31,"6,555.60","1,139.36","11,874.60"
LOR Hair Chalk 50ml Blue Ocean Cruise,3474630627178,Scanlon Hair,3.00,,2.27,,25.00,,75.00,735.00,572.52,574.31,"6,555.60","1,139.36","11,874.60"
LOR Hair Chalk 50ml Bronze Beach,3474630627291,Scanlon Hair,3.00,,2.27,,25.00,,75.00,735.00,572.52,574.31,"6,555.60","1,139.36","11,874.60"
LOR Hair Chalk 50ml Coral Sunset,3474630627130,Scanlon Hair,4.00,,2.27,,25.00,,100.00,735.00,572.52,574.31,"6,555.60","1,139.36","11,874.60"
LOR Hair Chalk 50ml First Date Violet,3474630627475,Scanlon Hair,3.00,,2.27,,25.00,,75.00,735.00,572.52,574.31,"6,555.60","1,139.36","11,874.60"
LOR Hair Chalk 50ml Garden Party,,Scanlon Hair,0.00,,2.27,,25.00,,0.00,735.00,572.52,574.31,"6,555.60","1,139.36","11,874.60"
LOR Hair Chalk 50ml Sweet Sixteen Pink,3474630627215,Scanlon Hair,1.00,,2.27,,25.00,,25.00,735.00,572.52,574.31,"6,555.60","1,139.36","11,874.60"
LOR Hair Touch Up Black 75ml,3474630698000,Scanlon Hair,3.00,3,2.00,21.95,21.95,65.85,65.85,735.00,572.52,574.31,"6,555.60","1,139.36","11,874.60"
LOR Hair Touch Up Brown 75ml,3474630698185,Scanlon Hair,2.00,3,2.00,21.95,21.95,43.90,43.90,735.00,572.52,574.31,"6,555.60","1,139.36","11,874.60"
LOR Hair Touch Up Dark Blonde 75ml,3474630698505,Scanlon Hair,2.00,3,0.00,21.95,21.95,43.90,43.90,735.00,572.52,574.31,"6,555.60","1,139.36","11,874.60"
LOR Hair Touch up Light Brown 75ml,3474630698345,Scanlon Hair,3.00,3,2.00,,21.95,,65.85,735.00,572.52,574.31,"6,555.60","1,139.36","11,874.60"
LOR Hair Touch up Mahogany Brown 75ml,3474636434091,Scanlon Hair,3.00,3,2.00,,21.95,,65.85,735.00,572.52,574.31,"6,555.60","1,139.36","11,874.60"
LOR Hair Touch up Warm Blonde 75ml,3474636434145,Scanlon Hair,2.00,3,2.00,,21.95,,43.90,735.00,572.52,574.31,"6,555.60","1,139.36","11,874.60"
LOR Infinium Hairspray 500ml,3474630729919,Scanlon Hair,2.00,2,1.45,,15.95,,31.90,735.00,572.52,574.31,"6,555.60","1,139.36","11,874.60"
LOR Mythic Oil Masque 200ml,3474630471764,Scanlon Hair,1.00,,2.82,,31.00,,31.00,735.00,572.52,574.31,"6,555.60","1,139.36","11,874.60"
LOR Mythic Oil Shampoo 250ml,3474636391134,Scanlon Hair,0.00,,2.45,,26.95,,0.00,735.00,572.52,574.31,"6,555.60","1,139.36","11,874.60"
LOR Pack For Coloured Hair,9315341031608,Scanlon Hair,5.00,,5.00,,54.95,,274.75,735.00,572.52,574.31,"6,555.60","1,139.36","11,874.60"
LOR Pack Luminous Blonde Hair,9315341020381,Scanlon Hair,0.00,,6.36,,69.95,,0.00,735.00,572.52,574.31,"6,555.60","1,139.36","11,874.60"
LOR PF Reconstruct Conditioner 200ml,3474630731912,Scanlon Hair,1.00,0,2.36,,26.00,,26.00,735.00,572.52,574.31,"6,555.60","1,139.36","11,874.60"
LOR PF Reconstruct Leave In 75ml,3474630732117,Scanlon Hair,3.00,0,2.64,,29.00,,87.00,735.00,572.52,574.31,"6,555.60","1,139.36","11,874.60"
LOR PF Reconstruct Masque 200ml,3474630732018,Scanlon Hair,2.00,0,3.18,,35.00,,70.00,735.00,572.52,574.31,"6,555.60","1,139.36","11,874.60"
LOR PF Reconstruct Shampoo 250ml,3474630731813,Scanlon Hair,1.00,0,2.64,,29.00,,29.00,735.00,572.52,574.31,"6,555.60","1,139.36","11,874.60"
LOR PF Recreate  Shampoo 250ml,3474636388790,Scanlon Hair,1.00,0,2.64,,29.00,,29.00,735.00,572.52,574.31,"6,555.60","1,139.36","11,874.60"
LOR PF Recreate Conditioner 200ml,3474636388868,Scanlon Hair,2.00,0,2.64,,29.00,,58.00,735.00,572.52,574.31,"6,555.60","1,139.36","11,874.60"
LOR PF Recreate Leave In 150ml,3474636388882,Scanlon Hair,4.00,0,2.64,29.00,29.00,116.00,116.00,735.00,572.52,574.31,"6,555.60","1,139.36","11,874.60"
LOR PF Rectify Conditioner 250ml,3474630731110,Scanlon Hair,2.00,0,2.64,,29.00,,58.00,735.00,572.52,574.31,"6,555.60","1,139.36","11,874.60"
LOR PF Rectify Leave In,3474630731318,Scanlon Hair,2.00,0,2.64,,29.00,,58.00,735.00,572.52,574.31,"6,555.60","1,139.36","11,874.60"
LOR PF Rectify Masque 200ml,3474630731219,Scanlon Hair,4.00,0,3.18,,35.00,,140.00,735.00,572.52,574.31,"6,555.60","1,139.36","11,874.60"
LOR PF Rectify Shampoo 250ml,3474630731011,Scanlon Hair,2.00,0,2.64,,29.00,,58.00,735.00,572.52,574.31,"6,555.60","1,139.36","11,874.60"
LOR PF Restore Conditioner 250ml,3474630731516,Scanlon Hair,2.00,0,2.64,,29.00,,58.00,735.00,572.52,574.31,"6,555.60","1,139.36","11,874.60"
LOR PF Restore Leave In 150ml,3474630731714,Scanlon Hair,1.00,0,2.64,,29.00,,29.00,735.00,572.52,574.31,"6,555.60","1,139.36","11,874.60"
LOR PF Restore Masque 200ml,3474630731615,Scanlon Hair,4.00,0,3.18,,35.00,,140.00,735.00,572.52,574.31,"6,555.60","1,139.36","11,874.60"
LOR PF Restore Shampoo 250ml,3474630731417,Scanlon Hair,2.00,0,2.64,,29.00,,58.00,735.00,572.52,574.31,"6,555.60","1,139.36","11,874.60"
LOR SE Absolut Repair Conditioner 200ml,3474636481750,Scanlon Hair,2.00,3,2.64,10.97,29.00,21.94,58.00,735.00,572.52,574.31,"6,555.60","1,139.36","11,874.60"
LOR SE Absolut Repair Masque 250ml,3474636481774,Scanlon Hair,1.00,2,3.09,,34.00,,34.00,735.00,572.52,574.31,"6,555.60","1,139.36","11,874.60"
LOR SE Absolut Repair Shampoo 300ml,3474636481712,Scanlon Hair,2.00,3,2.64,,29.00,,58.00,735.00,572.52,574.31,"6,555.60","1,139.36","11,874.60"
LOR SE Absolute Repair Blow-Dry Cream 125ml,3474636481804,Scanlon Hair,2.00,2,2.36,,26.00,,52.00,735.00,572.52,574.31,"6,555.60","1,139.36","11,874.60"
LOR SE Absolute Repair Double Serum 2 x 15ml,3474636481866,Scanlon Hair,4.00,2,2.36,,26.00,,104.00,735.00,572.52,574.31,"6,555.60","1,139.36","11,874.60"
LOR SE Absolute Repair Double Serum EX 2 x 15ml,3474630641143,Scanlon Hair,1.00,0,0.00,,26.00,,26.00,735.00,572.52,574.31,"6,555.60","1,139.36","11,874.60"
LOR SE Inforcer Brush Proof 37g,884486339720,Scanlon Hair,3.00,1,2.82,,31.00,,93.00,735.00,572.52,574.31,"6,555.60","1,139.36","11,874.60"
LOR SE Inforcer Conditioner 200ml,3474636483976,Scanlon Hair,3.00,2,2.64,,29.00,,87.00,735.00,572.52,574.31,"6,555.60","1,139.36","11,874.60"
LOR SE Inforcer Masque 250ml,3474636483990,Scanlon Hair,1.00,1,3.09,,34.00,,34.00,735.00,572.52,574.31,"6,555.60","1,139.36","11,874.60"
LOR SE Inforcer Shampoo 300ml,3474636483938,Scanlon Hair,2.00,2,2.64,,29.00,,58.00,735.00,572.52,574.31,"6,555.60","1,139.36","11,874.60"
LOR SE Liss Unlimited Masque 250ml,3474636482474,Scanlon Hair,1.00,2,3.09,12.84,34.00,12.84,34.00,735.00,572.52,574.31,"6,555.60","1,139.36","11,874.60"
LOR SE Liss Unlimited Shampoo 300ml,3474636481910,Scanlon Hair,2.00,2,2.64,10.97,29.00,21.94,58.00,735.00,572.52,574.31,"6,555.60","1,139.36","11,874.60"
LOR SE Liss Unlimited Smoothing Cream 150ml,3474636482511,Scanlon Hair,3.00,1,2.36,,26.00,,78.00,735.00,572.52,574.31,"6,555.60","1,139.36","11,874.60"
LOR SE Liss Unlimited Smoothing Cream EX 150ml,3474630536012,Scanlon Hair,1.00,0,0.00,,26.00,,26.00,735.00,572.52,574.31,"6,555.60","1,139.36","11,874.60"
LOR SE Lumino Contrast 200ml,3474633001876,Scanlon Hair,2.00,,2.82,,31.00,,62.00,735.00,572.52,574.31,"6,555.60","1,139.36","11,874.60"
LOR SE Lumino Contrast Shampoo 250ml,3474633001807,Scanlon Hair,1.00,0,2.36,,26.00,,26.00,735.00,572.52,574.31,"6,555.60","1,139.36","11,874.60"
LOR SE Nutrifier Blow Dry Cream 150ml,3474636506194,Scanlon Hair,2.00,2,0.00,,26.00,,52.00,735.00,572.52,574.31,"6,555.60","1,139.36","11,874.60"
LOR SE Nutrifier Conditioner 200ml,3474636506156,Scanlon Hair,1.00,2,2.64,10.97,29.00,10.97,29.00,735.00,572.52,574.31,"6,555.60","1,139.36","11,874.60"
LOR SE Nutrifier Masque 250ml,3474636506170,Scanlon Hair,2.00,2,3.09,,34.00,,68.00,735.00,572.52,574.31,"6,555.60","1,139.36","11,874.60"
LOR SE Nutrifier Masque EX 200ml,3474636382880,Scanlon Hair,1.00,0,2.82,,31.00,,31.00,735.00,572.52,574.31,"6,555.60","1,139.36","11,874.60"
LOR SE Nutrifier Shampoo 300ml,3474636506125,Scanlon Hair,2.00,2,2.64,10.97,29.00,21.94,58.00,735.00,572.52,574.31,"6,555.60","1,139.36","11,874.60"
LOR SE Scalp Instant Clear Shampoo 300ml,3474636568918,Scanlon Hair,2.00,2,2.64,,29.00,,58.00,735.00,572.52,574.31,"6,555.60","1,139.36","11,874.60"
LOR SE Scalp Sensi Balance Shampoo 300ml,3474636505593,Scanlon Hair,2.00,2,2.64,,29.00,,58.00,735.00,572.52,574.31,"6,555.60","1,139.36","11,874.60"
LOR SE Shine Blonde Shampoo 250ml,3474636404407,Scanlon Hair,5.00,2,2.36,,26.00,,130.00,735.00,572.52,574.31,"6,555.60","1,139.36","11,874.60"
LOR SE Silver Shampoo 300ml,3474636502844,Scanlon Hair,1.00,2,2.64,29.00,29.00,29.00,29.00,735.00,572.52,574.31,"6,555.60","1,139.36","11,874.60"
LOR SE Vit Col AOX 10 in 1 Spray,3474636483839,Scanlon Hair,4.00,4,2.82,,31.00,,124.00,735.00,572.52,574.31,"6,555.60","1,139.36","11,874.60"
LOR SE Vit Col AOX Color Correct Blonde 150ml,3474636483778,Scanlon Hair,8.00,4,2.36,,26.00,,208.00,735.00,572.52,574.31,"6,555.60","1,139.36","11,874.60"
LOR SE Vit Col AOX Color Corrector Brunettes 150ml,3474636483815,Scanlon Hair,2.00,2,2.36,,26.00,,52.00,735.00,572.52,574.31,"6,555.60","1,139.36","11,874.60"
LOR SE Vit Col AOX Conditioner 200ml,3474636483648,Scanlon Hair,1.00,3,2.64,10.97,29.00,10.97,29.00,735.00,572.52,574.31,"6,555.60","1,139.36","11,874.60"
LOR SE Vit Col AOX Masque 200ml,3474630714762,Scanlon Hair,1.00,2,0.00,,31.00,,31.00,735.00,572.52,574.31,"6,555.60","1,139.36","11,874.60"
LOR SE Vit Col AOX Shampoo 300ml,3474636483891,Scanlon Hair,0.00,3,2.64,10.97,29.00,0.00,0.00,735.00,572.52,574.31,"6,555.60","1,139.36","11,874.60"
LOR SE Vitamino Color Masque 200ml,3474630307476,Scanlon Hair,1.00,0,0.00,,31.00,,31.00,735.00,572.52,574.31,"6,555.60","1,139.36","11,874.60"
LOR SE Volumetry Conditioner 200ml,3474636505890,Scanlon Hair,1.00,3,2.64,10.97,29.00,10.97,29.00,735.00,572.52,574.31,"6,555.60","1,139.36","11,874.60"
LOR SE Volumetry Root Lift Spray 125ml,3474630527584,Scanlon Hair,1.00,1,2.36,,26.00,,26.00,735.00,572.52,574.31,"6,555.60","1,139.36","11,874.60"
LOR SE Volumetry Shampoo 300ml,3474636505876,Scanlon Hair,1.00,3,2.64,10.97,29.00,10.97,29.00,735.00,572.52,574.31,"6,555.60","1,139.36","11,874.60"
LOR Smartbond Conditioner 250ml,3474636452842,Scanlon Hair,7.00,4,4.09,45.00,45.00,315.00,315.00,735.00,572.52,574.31,"6,555.60","1,139.36","11,874.60"
LOR Steampod,3474630657632,Scanlon Hair,4.00,,30.00,,330.00,,"1,320.00",735.00,572.52,574.31,"6,555.60","1,139.36","11,874.60"
LOR SX Coloured Hair Conditioner 250ml,3474630643291,Scanlon Hair,1.00,2,3.09,,34.00,,34.00,735.00,572.52,574.31,"6,555.60","1,139.36","11,874.60"
LOR SX Coloured Hair Shampoo 250ml,3474630643178,Scanlon Hair,3.00,2,3.09,,34.00,,102.00,735.00,572.52,574.31,"6,555.60","1,139.36","11,874.60"
LOR SX Denser Hair Gelee 90ml,3474636432905,Scanlon Hair,1.00,2,5.45,,60.00,,60.00,735.00,572.52,574.31,"6,555.60","1,139.36","11,874.60"
LOR SX Natural Hair Conditioner 250ml,3474630643253,Scanlon Hair,2.00,1,3.09,,34.00,,68.00,735.00,572.52,574.31,"6,555.60","1,139.36","11,874.60"
LOR SX Natural Hair Shampoo 250ml,3474630643161,Scanlon Hair,2.00,1,3.09,,34.00,,68.00,735.00,572.52,574.31,"6,555.60","1,139.36","11,874.60"
LOR SX Thicker Hair 90ml,3474630643659,Scanlon Hair,2.00,2,5.45,,60.00,,120.00,735.00,572.52,574.31,"6,555.60","1,139.36","11,874.60"
LOR TA Dual Stylers Sleek and Swing 150ml,3474630648418,Scanlon Hair,1.00,3,3.18,,34.95,,34.95,735.00,572.52,574.31,"6,555.60","1,139.36","11,874.60"
LOR TA DualStylers Bouncy & Tender 150ml,3474630648371,Scanlon Hair,2.00,2,3.18,,34.95,,69.90,735.00,572.52,574.31,"6,555.60","1,139.36","11,874.60"
LOR TA DualStylers Liss & Push Up 150ml,3474630648456,Scanlon Hair,3.00,3,3.18,,34.95,,104.85,735.00,572.52,574.31,"6,555.60","1,139.36","11,874.60"
LOR TA Fix Air Fix 400ml,3474630625082,Scanlon Hair,2.00,2,2.90,,31.95,,63.90,735.00,572.52,574.31,"6,555.60","1,139.36","11,874.60"
LOR TA Fix Anti-Frizz 250ml,3474630624979,Scanlon Hair,2.00,,0.00,,25.95,,51.90,735.00,572.52,574.31,"6,555.60","1,139.36","11,874.60"
LOR TA Fix Design 200ml,3474630613638,Scanlon Hair,6.00,2,2.36,,25.95,,155.70,735.00,572.52,574.31,"6,555.60","1,139.36","11,874.60"
LOR TA Fix Deviation Paste 100ml,3474630632196,Scanlon Hair,2.00,2,2.36,,25.95,,51.90,735.00,572.52,574.31,"6,555.60","1,139.36","11,874.60"
LOR TA Fix Max 200ml,,Scanlon Hair,0.00,1,2.36,,25.95,,0.00,735.00,572.52,574.31,"6,555.60","1,139.36","11,874.60"
LOR TA Fix Web 150ml,3474630614727,Scanlon Hair,1.00,2,2.36,,25.95,,25.95,735.00,572.52,574.31,"6,555.60","1,139.36","11,874.60"
LOR TA French Froisse 150ml,,Scanlon Hair,0.00,1,3.18,,34.95,,0.00,735.00,572.52,574.31,"6,555.60","1,139.36","11,874.60"
LOR TA French Girl Messy Cliche 150ml,3474636370597,Scanlon Hair,0.00,1,3.18,,34.95,,0.00,735.00,572.52,574.31,"6,555.60","1,139.36","11,874.60"
LOR TA Smooth Liss Control 150ml,3474630623026,Scanlon Hair,4.00,2,2.36,,25.95,,103.80,735.00,572.52,574.31,"6,555.60","1,139.36","11,874.60"
LOR TA Smooth Liss Control+ 50ml,3474630623095,Scanlon Hair,1.00,1,2.36,,25.95,,25.95,735.00,572.52,574.31,"6,555.60","1,139.36","11,874.60"
LOR TA Texture Morning After Dust 200ml,3474636108374,Scanlon Hair,0.00,1,2.36,,25.95,,0.00,735.00,572.52,574.31,"6,555.60","1,139.36","11,874.60"
LOR TA Volume Architect 150ml,3474630631809,Scanlon Hair,3.00,3,2.36,,25.95,,77.85,735.00,572.52,574.31,"6,555.60","1,139.36","11,874.60"
LOR TA Volume Density Material 100ml,3474630618695,Scanlon Hair,2.00,2,2.36,10.67,25.95,21.34,51.90,735.00,572.52,574.31,"6,555.60","1,139.36","11,874.60"
LOR TA Volume Full Volume Extra 250ml,3474630614543,Scanlon Hair,1.00,2,2.36,,25.95,,25.95,735.00,572.52,574.31,"6,555.60","1,139.36","11,874.60"
LOR TA Volume Pli 190ml,3474630736221,Scanlon Hair,3.00,3,2.36,,25.95,,77.85,735.00,572.52,574.31,"6,555.60","1,139.36","11,874.60"
LOR TA Volume Super Dust 7g,3474630614611,Scanlon Hair,0.00,,2.36,,25.95,,0.00,735.00,572.52,574.31,"6,555.60","1,139.36","11,874.60"
LOR TA WildStylers 60's Babe 250ml,3474636355969,Scanlon Hair,1.00,1,3.18,,34.95,,34.95,735.00,572.52,574.31,"6,555.60","1,139.36","11,874.60"
LOR TA WildStylers Beach Waves 150ml,3474630618435,Scanlon Hair,3.00,2,3.18,,34.95,,104.85,735.00,572.52,574.31,"6,555.60","1,139.36","11,874.60"
LOR TA WildStylers Crepage De Chignon 200ml,3474630631847,Scanlon Hair,2.00,2,3.18,,34.95,,69.90,735.00,572.52,574.31,"6,555.60","1,139.36","11,874.60"
LOR TA WildStylers Depolish 100ml,3474630618473,Scanlon Hair,3.00,3,3.18,14.18,34.95,42.54,104.85,735.00,572.52,574.31,"6,555.60","1,139.36","11,874.60"
LOR TA WildStylers Next Day Hair 250ml,3474630618329,Scanlon Hair,2.00,,3.18,,34.95,,69.90,735.00,572.52,574.31,"6,555.60","1,139.36","11,874.60"
LOR TA WildStylers Powder In Lotion 150ml,3474636501953,Scanlon Hair,1.00,1,3.18,,34.95,,34.95,735.00,572.52,574.31,"6,555.60","1,139.36","11,874.60"
LOR TA WildStylers Scruff Me 150ml,3474630618213,Scanlon Hair,2.00,2,3.18,,34.95,,69.90,735.00,572.52,574.31,"6,555.60","1,139.36","11,874.60"
Majicontrast Copper,3474634003893,Scanlon Hair,1.00,1,0.00,,0.00,,0.00,735.00,572.52,574.31,"6,555.60","1,139.36","11,874.60"
Majicontrast Red,3474634003879,Scanlon Hair,1.00,1,0.00,,0.00,,0.00,735.00,572.52,574.31,"6,555.60","1,139.36","11,874.60"
Majicontrast Red Magenta,3474634003916,Scanlon Hair,2.00,2,0.00,,0.00,,0.00,735.00,572.52,574.31,"6,555.60","1,139.36","11,874.60"
Majirel 1,3474634003244,Scanlon Hair,1.00,1,0.00,,0.00,,0.00,735.00,572.52,574.31,"6,555.60","1,139.36","11,874.60"
Majirel 10,3474634002940,Scanlon Hair,1.00,2,0.00,,0.00,,0.00,735.00,572.52,574.31,"6,555.60","1,139.36","11,874.60"
"Majirel 10 1/2,1",,Scanlon Hair,0.00,0,0.00,,0.00,,0.00,735.00,572.52,574.31,"6,555.60","1,139.36","11,874.60"
"Majirel 10,1",3474634001257,Scanlon Hair,0.00,,0.00,,0.00,,0.00,735.00,572.52,574.31,"6,555.60","1,139.36","11,874.60"
"Majirel 10,13",,Scanlon Hair,1.00,1,0.00,,0.00,,0.00,735.00,572.52,574.31,"6,555.60","1,139.36","11,874.60"
"Majirel 10,21",,Scanlon Hair,1.00,1,0.00,,0.00,,0.00,735.00,572.52,574.31,"6,555.60","1,139.36","11,874.60"
Majirel 3,3474634003237,Scanlon Hair,2.00,2,0.00,,0.00,,0.00,735.00,572.52,574.31,"6,555.60","1,139.36","11,874.60"
Majirel 4,3474634003213,Scanlon Hair,3.00,4,0.00,,0.00,,0.00,735.00,572.52,574.31,"6,555.60","1,139.36","11,874.60"
"Majirel 4,0",3474634001752,Scanlon Hair,1.00,1,0.00,,0.00,,0.00,735.00,572.52,574.31,"6,555.60","1,139.36","11,874.60"
"Majirel 4,15",3474634003756,Scanlon Hair,1.00,1,0.00,,0.00,,0.00,735.00,572.52,574.31,"6,555.60","1,139.36","11,874.60"
"Majirel 4,3",3474634002315,Scanlon Hair,0.00,1,0.00,,0.00,,0.00,735.00,572.52,574.31,"6,555.60","1,139.36","11,874.60"
"Majirel 4,35",3474634002322,Scanlon Hair,1.00,1,0.00,,0.00,,0.00,735.00,572.52,574.31,"6,555.60","1,139.36","11,874.60"
"Majirel 4,51",3474630252233,Scanlon Hair,1.00,0,0.00,,0.00,,0.00,735.00,572.52,574.31,"6,555.60","1,139.36","11,874.60"
"Majirel 4,55",3474636333226,Scanlon Hair,3.00,1,0.00,,0.00,,0.00,735.00,572.52,574.31,"6,555.60","1,139.36","11,874.60"
"Majirel 4,56",3474634002346,Scanlon Hair,1.00,1,0.00,,0.00,,0.00,735.00,572.52,574.31,"6,555.60","1,139.36","11,874.60"
"Majirel 4,8",3474630587601,Scanlon Hair,1.00,1,0.00,,0.00,,0.00,735.00,572.52,574.31,"6,555.60","1,139.36","11,874.60"
Majirel 5,3474634003176,Scanlon Hair,4.00,5,0.00,,0.00,,0.00,735.00,572.52,574.31,"6,555.60","1,139.36","11,874.60"
"Majirel 5,0",3474634001660,Scanlon Hair,2.00,1,0.00,,0.00,,0.00,735.00,572.52,574.31,"6,555.60","1,139.36","11,874.60"
"Majirel 5,024",3474636400638,Scanlon Hair,1.00,0,0.00,,0.00,,0.00,735.00,572.52,574.31,"6,555.60","1,139.36","11,874.60"
"Majirel 5,025",3474636400614,Scanlon Hair,2.00,1,0.00,,0.00,,0.00,735.00,572.52,574.31,"6,555.60","1,139.36","11,874.60"
"Majirel 5,041",3474636400577,Scanlon Hair,2.00,1,0.00,,0.00,,0.00,735.00,572.52,574.31,"6,555.60","1,139.36","11,874.60"
"Majirel 5,042",3474636400645,Scanlon Hair,2.00,1,0.00,,0.00,,0.00,735.00,572.52,574.31,"6,555.60","1,139.36","11,874.60"
"Majirel 5,12",3474636531950,Scanlon Hair,1.00,,0.00,,0.00,,0.00,735.00,572.52,574.31,"6,555.60","1,139.36","11,874.60"
"Majirel 5,15",3474636531974,Scanlon Hair,1.00,2,0.00,,0.00,,0.00,735.00,572.52,574.31,"6,555.60","1,139.36","11,874.60"
"Majirel 5,3",3474634002759,Scanlon Hair,2.00,2,0.00,,0.00,,0.00,735.00,572.52,574.31,"6,555.60","1,139.36","11,874.60"
"Majirel 5,32",3474636531929,Scanlon Hair,2.00,1,0.00,,0.00,,0.00,735.00,572.52,574.31,"6,555.60","1,139.36","11,874.60"
"Majirel 5,35",3474634002278,Scanlon Hair,1.00,1,0.00,,0.00,,0.00,735.00,572.52,574.31,"6,555.60","1,139.36","11,874.60"
"Majirel 5,4",3474634005279,Scanlon Hair,1.00,1,0.00,,0.00,,0.00,735.00,572.52,574.31,"6,555.60","1,139.36","11,874.60"
"Majirel 5,42",,Scanlon Hair,1.00,0,0.00,,0.00,,0.00,735.00,572.52,574.31,"6,555.60","1,139.36","11,874.60"
"Majirel 5,5",3474634002285,Scanlon Hair,1.00,2,0.00,,0.00,,0.00,735.00,572.52,574.31,"6,555.60","1,139.36","11,874.60"
"Majirel 5,52",3474634002292,Scanlon Hair,2.00,3,0.00,,0.00,,0.00,735.00,572.52,574.31,"6,555.60","1,139.36","11,874.60"
"Majirel 5,8",3474630587700,Scanlon Hair,1.00,1,0.00,,0.00,,0.00,735.00,572.52,574.31,"6,555.60","1,139.36","11,874.60"
Majirel 6,3474634003138,Scanlon Hair,7.00,12,0.00,,0.00,,0.00,735.00,572.52,574.31,"6,555.60","1,139.36","11,874.60"
"Majirel 6,0",3474634001578,Scanlon Hair,0.00,1,0.00,,0.00,,0.00,735.00,572.52,574.31,"6,555.60","1,139.36","11,874.60"
"Majirel 6,014",3474636400584,Scanlon Hair,0.00,0,0.00,,0.00,,0.00,735.00,572.52,574.31,"6,555.60","1,139.36","11,874.60"
"Majirel 6,1",3474634001608,Scanlon Hair,2.00,2,0.00,,0.00,,0.00,735.00,572.52,574.31,"6,555.60","1,139.36","11,874.60"
"Majirel 6,23",3474634003169,Scanlon Hair,2.00,2,0.00,,0.00,,0.00,735.00,572.52,574.31,"6,555.60","1,139.36","11,874.60"
"Majirel 6,3",3474634002131,Scanlon Hair,3.00,5,0.00,,0.00,,0.00,735.00,572.52,574.31,"6,555.60","1,139.36","11,874.60"
"Majirel 6,32",3474634002148,Scanlon Hair,1.00,1,0.00,,0.00,,0.00,735.00,572.52,574.31,"6,555.60","1,139.36","11,874.60"
"Majirel 6,34",3474634002155,Scanlon Hair,1.00,1,0.00,,0.00,,0.00,735.00,572.52,574.31,"6,555.60","1,139.36","11,874.60"
"Majirel 6,35",3474634002162,Scanlon Hair,2.00,2,0.00,,0.00,,0.00,735.00,572.52,574.31,"6,555.60","1,139.36","11,874.60"
"Majirel 6,45",3474636531905,Scanlon Hair,2.00,2,0.00,,0.00,,0.00,735.00,572.52,574.31,"6,555.60","1,139.36","11,874.60"
"Majirel 6,46",3474636531943,Scanlon Hair,1.00,1,0.00,,0.00,,0.00,735.00,572.52,574.31,"6,555.60","1,139.36","11,874.60"
"Majirel 6,53",3474630252448,Scanlon Hair,0.00,1,0.00,,0.00,,0.00,735.00,572.52,574.31,"6,555.60","1,139.36","11,874.60"
"Majirel 6,62",,Scanlon Hair,0.00,0,0.00,,0.00,,0.00,735.00,572.52,574.31,"6,555.60","1,139.36","11,874.60"
"Majirel 6,8",3474630587809,Scanlon Hair,1.00,1,0.00,,0.00,,0.00,735.00,572.52,574.31,"6,555.60","1,139.36","11,874.60"
Majirel 7,3474634003084,Scanlon Hair,8.00,12,0.00,,0.00,,0.00,735.00,572.52,574.31,"6,555.60","1,139.36","11,874.60"
"Majirel 7,0",3474634001486,Scanlon Hair,1.00,1,0.00,,0.00,,0.00,735.00,572.52,574.31,"6,555.60","1,139.36","11,874.60"
"Majirel 7,014",,Scanlon Hair,0.00,0,0.00,,0.00,,0.00,735.00,572.52,574.31,"6,555.60","1,139.36","11,874.60"
"Majirel 7,03",3474630169562,Scanlon Hair,2.00,3,0.00,,0.00,,0.00,735.00,572.52,574.31,"6,555.60","1,139.36","11,874.60"
"Majirel 7,041",,Scanlon Hair,0.00,0,0.00,,0.00,,0.00,735.00,572.52,574.31,"6,555.60","1,139.36","11,874.60"
"Majirel 7,042",3474636400652,Scanlon Hair,2.00,0,0.00,,0.00,,0.00,735.00,572.52,574.31,"6,555.60","1,139.36","11,874.60"
"Majirel 7,1",3474634003107,Scanlon Hair,2.00,2,0.00,,0.00,,0.00,735.00,572.52,574.31,"6,555.60","1,139.36","11,874.60"
"Majirel 7,12",3474630667365,Scanlon Hair,2.00,1,0.00,,0.00,,0.00,735.00,572.52,574.31,"6,555.60","1,139.36","11,874.60"
"Majirel 7,13",3474634001523,Scanlon Hair,0.00,1,0.00,,0.00,,0.00,735.00,572.52,574.31,"6,555.60","1,139.36","11,874.60"
"Majirel 7,23",3474634003121,Scanlon Hair,2.00,3,0.00,,0.00,,0.00,735.00,572.52,574.31,"6,555.60","1,139.36","11,874.60"
"Majirel 7,3",3474634002087,Scanlon Hair,2.00,4,0.00,,0.00,,0.00,735.00,572.52,574.31,"6,555.60","1,139.36","11,874.60"
"Majirel 7,31",3474634005224,Scanlon Hair,2.00,2,0.00,,0.00,,0.00,735.00,572.52,574.31,"6,555.60","1,139.36","11,874.60"
"Majirel 7,35",3474636531912,Scanlon Hair,1.00,1,0.00,,0.00,,0.00,735.00,572.52,574.31,"6,555.60","1,139.36","11,874.60"
"Majirel 7,4",,Scanlon Hair,2.00,2,0.00,,0.00,,0.00,735.00,572.52,574.31,"6,555.60","1,139.36","11,874.60"
"Majirel 7,43",,Scanlon Hair,1.00,1,0.00,,0.00,,0.00,735.00,572.52,574.31,"6,555.60","1,139.36","11,874.60"
"Majirel 7,44",,Scanlon Hair,1.00,1,0.00,,0.00,,0.00,735.00,572.52,574.31,"6,555.60","1,139.36","11,874.60"
"Majirel 7,52",,Scanlon Hair,0.00,0,0.00,,0.00,,0.00,735.00,572.52,574.31,"6,555.60","1,139.36","11,874.60"
"Majirel 7,8",3474630587908,Scanlon Hair,2.00,1,0.00,,0.00,,0.00,735.00,572.52,574.31,"6,555.60","1,139.36","11,874.60"
Majirel 8 ,3474634003046,Scanlon Hair,0.00,10,0.00,,0.00,,0.00,735.00,572.52,574.31,"6,555.60","1,139.36","11,874.60"
"Majirel 8,0",3474634001400,Scanlon Hair,2.00,1,0.00,,0.00,,0.00,735.00,572.52,574.31,"6,555.60","1,139.36","11,874.60"
"Majirel 8,03",3474630169609,Scanlon Hair,1.00,2,0.00,,0.00,,0.00,735.00,572.52,574.31,"6,555.60","1,139.36","11,874.60"
"Majirel 8,04",,Scanlon Hair,1.00,1,0.00,,0.00,,0.00,735.00,572.52,574.31,"6,555.60","1,139.36","11,874.60"
"Majirel 8,1",3474634003060,Scanlon Hair,2.00,2,0.00,,0.00,,0.00,735.00,572.52,574.31,"6,555.60","1,139.36","11,874.60"
"Majirel 8,12",,Scanlon Hair,0.00,2,0.00,,0.00,,0.00,735.00,572.52,574.31,"6,555.60","1,139.36","11,874.60"
"Majirel 8,13",3474634001448,Scanlon Hair,2.00,3,0.00,,0.00,,0.00,735.00,572.52,574.31,"6,555.60","1,139.36","11,874.60"
"Majirel 8,2",3474634001455,Scanlon Hair,0.00,1,0.00,,0.00,,0.00,735.00,572.52,574.31,"6,555.60","1,139.36","11,874.60"
"Majirel 8,3",3474634002049,Scanlon Hair,2.00,2,0.00,,0.00,,0.00,735.00,572.52,574.31,"6,555.60","1,139.36","11,874.60"
"Majirel 8,31",3474634005316,Scanlon Hair,1.00,2,0.00,,0.00,,0.00,735.00,572.52,574.31,"6,555.60","1,139.36","11,874.60"
"Majirel 8,34",3474634002056,Scanlon Hair,2.00,2,0.00,,0.00,,0.00,735.00,572.52,574.31,"6,555.60","1,139.36","11,874.60"
"Majirel 8,8",,Scanlon Hair,1.00,1,0.00,,0.00,,0.00,735.00,572.52,574.31,"6,555.60","1,139.36","11,874.60"
Majirel 9 ,3474634002995,Scanlon Hair,1.00,6,0.00,,0.00,,0.00,735.00,572.52,574.31,"6,555.60","1,139.36","11,874.60"
"Majirel 9,0",,Scanlon Hair,1.00,1,0.00,,0.00,,0.00,735.00,572.52,574.31,"6,555.60","1,139.36","11,874.60"
"Majirel 9,1",3474634003015,Scanlon Hair,2.00,2,0.00,,0.00,,0.00,735.00,572.52,574.31,"6,555.60","1,139.36","11,874.60"
"Majirel 9,13",3474634003022,Scanlon Hair,2.00,2,0.00,,0.00,,0.00,735.00,572.52,574.31,"6,555.60","1,139.36","11,874.60"
"Majirel 9,21",3474630667761,Scanlon Hair,1.00,1,0.00,,0.00,,0.00,735.00,572.52,574.31,"6,555.60","1,139.36","11,874.60"
"Majirel 9,22",,Scanlon Hair,1.00,1,0.00,,0.00,,0.00,735.00,572.52,574.31,"6,555.60","1,139.36","11,874.60"
"Majirel 9,3",3474634002032,Scanlon Hair,3.00,3,0.00,,0.00,,0.00,735.00,572.52,574.31,"6,555.60","1,139.36","11,874.60"
Majirel Cool Cover 10,3474630574984,Scanlon Hair,1.00,1,0.00,,0.00,,0.00,735.00,572.52,574.31,"6,555.60","1,139.36","11,874.60"
"Majirel Cool Cover 10,1",3474630575677,Scanlon Hair,1.00,1,0.00,,0.00,,0.00,735.00,572.52,574.31,"6,555.60","1,139.36","11,874.60"
Majirel Cool Cover 5,3474630574786,Scanlon Hair,1.00,1,0.00,,0.00,,0.00,735.00,572.52,574.31,"6,555.60","1,139.36","11,874.60"
"Majirel Cool Cover 5,1",3474630575479,Scanlon Hair,1.00,1,0.00,,0.00,,0.00,735.00,572.52,574.31,"6,555.60","1,139.36","11,874.60"
Majirel Cool Cover 6,3474630574823,Scanlon Hair,0.00,1,0.00,,0.00,,0.00,735.00,572.52,574.31,"6,555.60","1,139.36","11,874.60"
"Majirel Cool Cover 6,1",3474630575516,Scanlon Hair,1.00,1,0.00,,0.00,,0.00,735.00,572.52,574.31,"6,555.60","1,139.36","11,874.60"
"Majirel Cool Cover 6,17",3474630667105,Scanlon Hair,1.00,1,0.00,,0.00,,0.00,735.00,572.52,574.31,"6,555.60","1,139.36","11,874.60"
Majirel Cool Cover 7,3474630574861,Scanlon Hair,0.00,1,0.00,,0.00,,0.00,735.00,572.52,574.31,"6,555.60","1,139.36","11,874.60"
"Majirel Cool Cover 7,1",3474630575554,Scanlon Hair,0.00,1,0.00,,0.00,,0.00,735.00,572.52,574.31,"6,555.60","1,139.36","11,874.60"
"Majirel Cool Cover 7,17",3474630667204,Scanlon Hair,1.00,2,0.00,,0.00,,0.00,735.00,572.52,574.31,"6,555.60","1,139.36","11,874.60"
Majirel Cool Cover 8,3474630574908,Scanlon Hair,1.00,1,0.00,,0.00,,0.00,735.00,572.52,574.31,"6,555.60","1,139.36","11,874.60"
"Majirel Cool Cover 8,1",3474630575592,Scanlon Hair,2.00,3,0.00,,0.00,,0.00,735.00,572.52,574.31,"6,555.60","1,139.36","11,874.60"
"Majirel Cool Cover 8,3",3474630575196,Scanlon Hair,1.00,1,0.00,,0.00,,0.00,735.00,572.52,574.31,"6,555.60","1,139.36","11,874.60"
Majirel Cool Cover 9,3474630574946,Scanlon Hair,0.00,1,0.00,,0.00,,0.00,735.00,572.52,574.31,"6,555.60","1,139.36","11,874.60"
"Majirel Cool Cover 9,1",3474630575639,Scanlon Hair,2.00,2,0.00,,0.00,,0.00,735.00,572.52,574.31,"6,555.60","1,139.36","11,874.60"
Majirel High Lift Ash,3474630691834,Scanlon Hair,2.00,2,0.00,,0.00,,0.00,735.00,572.52,574.31,"6,555.60","1,139.36","11,874.60"
Majirel High Lift Ash +,3474630691933,Scanlon Hair,3.00,3,0.00,,0.00,,0.00,735.00,572.52,574.31,"6,555.60","1,139.36","11,874.60"
Majirel High Lift Ash Violet,3474636347322,Scanlon Hair,1.00,1,0.00,,0.00,,0.00,735.00,572.52,574.31,"6,555.60","1,139.36","11,874.60"
Majirel High Lift Beige,3474630692435,Scanlon Hair,1.00,,0.00,,0.00,,0.00,735.00,572.52,574.31,"6,555.60","1,139.36","11,874.60"
Majirel High Lift Neutral,3474630691735,Scanlon Hair,2.00,1,0.00,,0.00,,0.00,735.00,572.52,574.31,"6,555.60","1,139.36","11,874.60"
Majirel High Lift Violet,3474630692039,Scanlon Hair,1.00,1,0.00,,0.00,,0.00,735.00,572.52,574.31,"6,555.60","1,139.36","11,874.60"
"Majirel Metals M,11",3474636586363,Scanlon Hair,1.00,1,0.00,,0.00,,0.00,735.00,572.52,574.31,"6,555.60","1,139.36","11,874.60"
"Majirel Metals M,12",,Scanlon Hair,1.00,1,0.00,,0.00,,0.00,735.00,572.52,574.31,"6,555.60","1,139.36","11,874.60"
"Majirel Metals M,21",3474636586561,Scanlon Hair,1.00,1,0.00,,0.00,,0.00,735.00,572.52,574.31,"6,555.60","1,139.36","11,874.60"
"Majirel Metals M,22",,Scanlon Hair,1.00,1,0.00,,0.00,,0.00,735.00,572.52,574.31,"6,555.60","1,139.36","11,874.60"
Majirel Mix Blue,,Scanlon Hair,1.00,1,0.00,,0.00,,0.00,735.00,572.52,574.31,"6,555.60","1,139.36","11,874.60"
Majirel Mix Copper,3474630251328,Scanlon Hair,1.00,1,0.00,,0.00,,0.00,735.00,572.52,574.31,"6,555.60","1,139.36","11,874.60"
Majirel Mix Green,3474636333257,Scanlon Hair,1.00,1,0.00,,0.00,,0.00,735.00,572.52,574.31,"6,555.60","1,139.36","11,874.60"
Majirel Mix Red,3474630251595,Scanlon Hair,1.00,1,0.00,,0.00,,0.00,735.00,572.52,574.31,"6,555.60","1,139.36","11,874.60"
Majirel Mix Violet,3474636333233,Scanlon Hair,1.00,1,0.00,,0.00,,0.00,735.00,572.52,574.31,"6,555.60","1,139.36","11,874.60"
"Majirouge 4,20",3474634002506,Scanlon Hair,1.00,1,0.00,,0.00,,0.00,735.00,572.52,574.31,"6,555.60","1,139.36","11,874.60"
"Majirouge 4,65",3474634003527,Scanlon Hair,0.00,1,0.00,,0.00,,0.00,735.00,572.52,574.31,"6,555.60","1,139.36","11,874.60"
"Majirouge 5,20 Carmilane",3474636333110,Scanlon Hair,1.00,,0.00,,0.00,,0.00,735.00,572.52,574.31,"6,555.60","1,139.36","11,874.60"
"Majirouge 5,56 Rubilane",3474630236745,Scanlon Hair,1.00,0,0.00,,0.00,,0.00,735.00,572.52,574.31,"6,555.60","1,139.36","11,874.60"
"Majirouge 5,62",3474634002483,Scanlon Hair,1.00,2,0.00,,0.00,,0.00,735.00,572.52,574.31,"6,555.60","1,139.36","11,874.60"
"Majirouge 5,64 Rubilane",3474634002490,Scanlon Hair,1.00,0,0.00,,0.00,,0.00,735.00,572.52,574.31,"6,555.60","1,139.36","11,874.60"
"Majirouge 6,60",3474630328150,Scanlon Hair,1.00,1,0.00,,0.00,,0.00,735.00,572.52,574.31,"6,555.60","1,139.36","11,874.60"
"Majirouge 6,64 Rubilane",,Scanlon Hair,1.00,0,0.00,,0.00,,0.00,735.00,572.52,574.31,"6,555.60","1,139.36","11,874.60"
"Majirouge 7,40 Rubilane",3474630231429,Scanlon Hair,1.00,0,0.00,,0.00,,0.00,735.00,572.52,574.31,"6,555.60","1,139.36","11,874.60"
"Majirouge 7,45 Rubilane",3474630202245,Scanlon Hair,1.00,0,0.00,,0.00,,0.00,735.00,572.52,574.31,"6,555.60","1,139.36","11,874.60"
"Majirouge C3,20",3474636333172,Scanlon Hair,1.00,1,0.00,,0.00,,0.00,735.00,572.52,574.31,"6,555.60","1,139.36","11,874.60"
"Majirouge C3,66",3474636333127,Scanlon Hair,1.00,1,0.00,,0.00,,0.00,735.00,572.52,574.31,"6,555.60","1,139.36","11,874.60"
"Majirouge C4,60",3474636333189,Scanlon Hair,1.00,1,0.00,,0.00,,0.00,735.00,572.52,574.31,"6,555.60","1,139.36","11,874.60"
"Majirouge C4,62",3474636333134,Scanlon Hair,1.00,1,0.00,,0.00,,0.00,735.00,572.52,574.31,"6,555.60","1,139.36","11,874.60"
"Majirouge C5,20",,Scanlon Hair,1.00,1,0.00,,0.00,,0.00,735.00,572.52,574.31,"6,555.60","1,139.36","11,874.60"
"Majirouge C5,60",3474630679498,Scanlon Hair,1.00,1,0.00,,0.00,,0.00,735.00,572.52,574.31,"6,555.60","1,139.36","11,874.60"
"Majirouge C6,64",3474630679399,Scanlon Hair,0.00,1,0.00,,0.00,,0.00,735.00,572.52,574.31,"6,555.60","1,139.36","11,874.60"
"Majirouge C6,66",3474630679290,Scanlon Hair,2.00,1,0.00,,0.00,,0.00,735.00,572.52,574.31,"6,555.60","1,139.36","11,874.60"
"Majirouge C7,64",3474636333103,Scanlon Hair,1.00,1,0.00,,0.00,,0.00,735.00,572.52,574.31,"6,555.60","1,139.36","11,874.60"
Makeup Eraser Mini 3 pack,858622006425,Scanlon Hair,1.00,,2.72,,29.95,,29.95,735.00,572.52,574.31,"6,555.60","1,139.36","11,874.60"
MOR Ceramic Ionic Brush Round 25ml,9327417015122,Scanlon Hair,2.00,,1.82,,20.00,,40.00,735.00,572.52,574.31,"6,555.60","1,139.36","11,874.60"
MOR Dry Scalp Treatment 45ml,7290011521165,Scanlon Hair,1.00,,3.18,,35.00,,35.00,735.00,572.52,574.31,"6,555.60","1,139.36","11,874.60"
MOR Intense Curl Cream 300ml,7290011521042,Scanlon Hair,12.00,,3.63,,39.95,,479.40,735.00,572.52,574.31,"6,555.60","1,139.36","11,874.60"
MOR Intense Curl Cream 500ml,7290011521080,Scanlon Hair,3.00,,0.00,39.05,0.00,117.15,0.00,735.00,572.52,574.31,"6,555.60","1,139.36","11,874.60"
MOR Oily Scalp Treatment 45ml,7290011521172,Scanlon Hair,2.00,,3.18,,35.00,,70.00,735.00,572.52,574.31,"6,555.60","1,139.36","11,874.60"
MOR Repair Conditioner,7290011521202,Scanlon Hair,1.00,,0.00,,35.00,,35.00,735.00,572.52,574.31,"6,555.60","1,139.36","11,874.60"
MOR Treatment  100ml,7290011521011,Scanlon Hair,8.00,,5.45,,60.00,,480.00,735.00,572.52,574.31,"6,555.60","1,139.36","11,874.60"
MOR Treatment 200ml,7290011521059,Scanlon Hair,2.00,,0.00,36.32,0.00,72.64,0.00,735.00,572.52,574.31,"6,555.60","1,139.36","11,874.60"
MOR Treatment 25ml,7290011521127,Scanlon Hair,0.00,,2.27,13.64,25.00,0.00,0.00,735.00,572.52,574.31,"6,555.60","1,139.36","11,874.60"
MOR Treatment Light 100ml,7290011521998,Scanlon Hair,4.00,,5.45,,60.00,,240.00,735.00,572.52,574.31,"6,555.60","1,139.36","11,874.60"
MOR Treatment Light 25ml,7290011521653,Scanlon Hair,1.00,,2.27,13.64,25.00,13.64,25.00,735.00,572.52,574.31,"6,555.60","1,139.36","11,874.60"
MOR Volume Conditioner 250ml,7290011521431,Scanlon Hair,2.00,,0.00,,35.00,,70.00,735.00,572.52,574.31,"6,555.60","1,139.36","11,874.60"
NAK Amped Up Fibrous Gel 150ml,9328514006396,Scanlon Hair,1.00,,2.54,,27.95,,27.95,735.00,572.52,574.31,"6,555.60","1,139.36","11,874.60"
NAK Beard Elixir 30ml ,9328514010232,Scanlon Hair,2.00,,2.72,,29.95,,59.90,735.00,572.52,574.31,"6,555.60","1,139.36","11,874.60"
NAK Blonde Conditioner 375ml,9328514006051,Scanlon Hair,0.00,,2.45,24.50,26.95,0.00,0.00,735.00,572.52,574.31,"6,555.60","1,139.36","11,874.60"
NAK Blonde Plus Conditioner 375ml,,Scanlon Hair,0.00,,2.54,,27.95,,0.00,735.00,572.52,574.31,"6,555.60","1,139.36","11,874.60"
NAK Blonde Plus Shampoo 375ml,9328514006082,Scanlon Hair,2.00,,2.54,,27.95,,55.90,735.00,572.52,574.31,"6,555.60","1,139.36","11,874.60"
NAK Blonde Shampoo,,Scanlon Hair,0.00,,2.45,26.95,26.95,0.00,0.00,735.00,572.52,574.31,"6,555.60","1,139.36","11,874.60"
NAK Body N Shine Conditioner 375ml,9328514006136,Scanlon Hair,2.00,,2.54,,27.95,,55.90,735.00,572.52,574.31,"6,555.60","1,139.36","11,874.60"
NAK Body N Shine Sea Salt Root Lift 250ml,9328514006785,Scanlon Hair,0.00,,2.45,,26.95,,0.00,735.00,572.52,574.31,"6,555.60","1,139.36","11,874.60"
NAK Body N Shine Shampoo 375ml,,Scanlon Hair,0.00,,2.54,,27.95,,0.00,735.00,572.52,574.31,"6,555.60","1,139.36","11,874.60"
NAK Body N Shine Styling Glaze 150ml,9328514006709,Scanlon Hair,1.00,,2.54,,27.95,,27.95,735.00,572.52,574.31,"6,555.60","1,139.36","11,874.60"
NAK Body N Shine Volumising Foam 270ml,9328514006419,Scanlon Hair,2.00,,1.81,,19.95,,39.90,735.00,572.52,574.31,"6,555.60","1,139.36","11,874.60"
NAK Daily Detox Shampoo  250ml,9328514010102,Scanlon Hair,1.00,,1.81,,19.95,,19.95,735.00,572.52,574.31,"6,555.60","1,139.36","11,874.60"
NAK Dandruff Control Shampoo 375ml,9328514006174,Scanlon Hair,2.00,,2.54,,27.95,,55.90,735.00,572.52,574.31,"6,555.60","1,139.36","11,874.60"
NAK Done N Dirty 90g,9328514001353,Scanlon Hair,1.00,,2.18,,24.00,,24.00,735.00,572.52,574.31,"6,555.60","1,139.36","11,874.60"
NAK Done N Dusted 10g,9328514007218,Scanlon Hair,1.00,,2.54,,27.95,,27.95,735.00,572.52,574.31,"6,555.60","1,139.36","11,874.60"
NAK Dry Klean Dry Shampoo 200ml,9328514006433,Scanlon Hair,0.00,,1.81,,19.95,,0.00,735.00,572.52,574.31,"6,555.60","1,139.36","11,874.60"
NAK Fixation Finishing Spray 100g,,Scanlon Hair,0.00,,0.63,,6.95,,0.00,735.00,572.52,574.31,"6,555.60","1,139.36","11,874.60"
NAK Fixation Finishing Spray 576ml,9328514006426,Scanlon Hair,2.00,2,1.27,,13.95,,27.90,735.00,572.52,574.31,"6,555.60","1,139.36","11,874.60"
NAK High Volume Texture Spray 171ml,9328514010133,Scanlon Hair,2.00,,2.54,,27.95,,55.90,735.00,572.52,574.31,"6,555.60","1,139.36","11,874.60"
Nak Hydrating Conditioner 100ml,,Scanlon Hair,0.00,,1.00,,10.95,,0.00,735.00,572.52,574.31,"6,555.60","1,139.36","11,874.60"
NAK Hydrating Conditioner 375ml,9328514006204,Scanlon Hair,3.00,,2.54,,27.95,,83.85,735.00,572.52,574.31,"6,555.60","1,139.36","11,874.60"
Nak Hydrating Shampoo 100ml,,Scanlon Hair,0.00,,1.00,,10.95,,0.00,735.00,572.52,574.31,"6,555.60","1,139.36","11,874.60"
NAK Hydrating Shampoo 375ml,,Scanlon Hair,0.00,,2.54,,27.95,,0.00,735.00,572.52,574.31,"6,555.60","1,139.36","11,874.60"
NAK In Shape 90g,9328514001377,Scanlon Hair,0.00,,2.36,,25.95,,0.00,735.00,572.52,574.31,"6,555.60","1,139.36","11,874.60"
NAK Kurls Styling Creme 150ml,9328514006679,Scanlon Hair,2.00,,2.54,,27.95,,55.90,735.00,572.52,574.31,"6,555.60","1,139.36","11,874.60"
NAK Luxe Finishing Creme 100ml,,Scanlon Hair,0.00,,0.00,,0.00,,0.00,735.00,572.52,574.31,"6,555.60","1,139.36","11,874.60"
NAK Nourishing Conditioner 375ml,9328514006266,Scanlon Hair,1.00,,2.54,,27.95,,27.95,735.00,572.52,574.31,"6,555.60","1,139.36","11,874.60"
NAK Nourishing Shampoo 375ml,,Scanlon Hair,0.00,,2.54,,27.95,,0.00,735.00,572.52,574.31,"6,555.60","1,139.36","11,874.60"
NAK Options Sculpting Lotion 150ml,9328514006488,Scanlon Hair,1.00,,2.54,,27.95,,27.95,735.00,572.52,574.31,"6,555.60","1,139.36","11,874.60"
NAK Outakontrol 90g,9328514001384,Scanlon Hair,1.00,,2.36,,25.95,,25.95,735.00,572.52,574.31,"6,555.60","1,139.36","11,874.60"
NAK Pack Blonde Duo with Luxe Finishing Creme,9328514013509,Scanlon Hair,0.00,,3.45,,37.95,,0.00,735.00,572.52,574.31,"6,555.60","1,139.36","11,874.60"
NAK Pack Blonde Plus Duo with Luxe Finishing Creme,9328514013516,Scanlon Hair,0.00,,3.45,,37.95,,0.00,735.00,572.52,574.31,"6,555.60","1,139.36","11,874.60"
NAK Pack Body N Shine Duo with Luxe Finishing Creme,9328514013523,Scanlon Hair,1.00,,3.45,,37.95,,37.95,735.00,572.52,574.31,"6,555.60","1,139.36","11,874.60"
NAK Pack Hydrating Duo with Luxe Finishing Creme,9328514013530,Scanlon Hair,0.00,,3.45,,37.95,,0.00,735.00,572.52,574.31,"6,555.60","1,139.36","11,874.60"
NAK Pack Hydrating Quad,9328514013400,Scanlon Hair,1.00,,5.17,56.90,56.90,56.90,56.90,735.00,572.52,574.31,"6,555.60","1,139.36","11,874.60"
NAK Pack Nourishing Duo with Lux Finishing Creme,9328514013547,Scanlon Hair,1.00,,3.45,19.16,37.95,19.16,37.95,735.00,572.52,574.31,"6,555.60","1,139.36","11,874.60"
NAK Pack Volumising Trio,9328514013271,Scanlon Hair,1.00,,4.54,,49.95,,49.95,735.00,572.52,574.31,"6,555.60","1,139.36","11,874.60"
NAK Platinum Blonde 375ml,9328514016623,Scanlon Hair,0.00,,2.54,,27.95,,0.00,735.00,572.52,574.31,"6,555.60","1,139.36","11,874.60"
NAK Repl Ends Blonde Leave In Moisturiser 150ml,9328514006723,Scanlon Hair,1.00,,2.63,,28.95,,28.95,735.00,572.52,574.31,"6,555.60","1,139.36","11,874.60"
NAK Repl Ends Leave In Moisturiser,9328514006563,Scanlon Hair,1.00,,2.63,,28.95,,28.95,735.00,572.52,574.31,"6,555.60","1,139.36","11,874.60"
NAK Repl Ends Spray 250ml,9328514006730,Scanlon Hair,2.00,,2.45,,26.95,,53.90,735.00,572.52,574.31,"6,555.60","1,139.36","11,874.60"
NAK Shine Mist 222ml,9328514010119,Scanlon Hair,1.00,,2.54,26.95,27.95,26.95,27.95,735.00,572.52,574.31,"6,555.60","1,139.36","11,874.60"
NAK Surf Styler 250ml,9328514006778,Scanlon Hair,1.00,,2.54,,27.95,,27.95,735.00,572.52,574.31,"6,555.60","1,139.36","11,874.60"
NAK Tough N Up 90g,9328514001414,Scanlon Hair,1.00,,2.36,,25.95,,25.95,735.00,572.52,574.31,"6,555.60","1,139.36","11,874.60"
NAK Ultimate Cleanse Shampoo 375ml,9328514006310,Scanlon Hair,1.00,,2.54,,27.95,,27.95,735.00,572.52,574.31,"6,555.60","1,139.36","11,874.60"
NAK Ultimate Potion Styling Treatment 150ml,9328514011017,Scanlon Hair,2.00,,2.63,,28.95,,57.90,735.00,572.52,574.31,"6,555.60","1,139.36","11,874.60"
NAK Ultimate Treatment 60 Second Repair 150ml,9328514001292,Scanlon Hair,1.00,,2.63,,28.95,,28.95,735.00,572.52,574.31,"6,555.60","1,139.36","11,874.60"
Popband Headbands ,713072707141,Scanlon Hair,1.00,,1.18,12.95,12.95,12.95,12.95,735.00,572.52,574.31,"6,555.60","1,139.36","11,874.60"
Poplaces - Black,700729852569,Scanlon Hair,2.00,,0.90,,9.95,,19.90,735.00,572.52,574.31,"6,555.60","1,139.36","11,874.60"
Poplaces - Blue,757440438527,Scanlon Hair,1.00,,0.90,,9.95,,9.95,735.00,572.52,574.31,"6,555.60","1,139.36","11,874.60"
Poplaces - pink,757440438503,Scanlon Hair,2.00,,0.90,9.95,9.95,19.90,19.90,735.00,572.52,574.31,"6,555.60","1,139.36","11,874.60"
Tangle Teezer Compact Groomer Hairbrush - Mens,5060173370145,Scanlon Hair,1.00,,3.18,,34.95,,34.95,735.00,572.52,574.31,"6,555.60","1,139.36","11,874.60"
Tangle Teezer Compact Styler Hairbrush - Flamingo,5060173371401,Scanlon Hair,0.00,,3.18,,34.95,,0.00,735.00,572.52,574.31,"6,555.60","1,139.36","11,874.60"
Tangle Teezer Compact Styler Hairbrush - Frozen,5060173370619,Scanlon Hair,1.00,,3.18,,34.95,,34.95,735.00,572.52,574.31,"6,555.60","1,139.36","11,874.60"
Tangle Teezer Compact Styler Hairbrush - Gold,5060173370589,Scanlon Hair,1.00,,3.18,,34.95,,34.95,735.00,572.52,574.31,"6,555.60","1,139.36","11,874.60"
Tangle Teezer Compact Styler Hairbrush - Starwars,5060173370794,Scanlon Hair,1.00,,3.18,,34.95,,34.95,735.00,572.52,574.31,"6,555.60","1,139.36","11,874.60"
Tangle Teezer Flowerpot Brush Blue / Orange,5060173370091,Scanlon Hair,2.00,,3.18,,34.95,,69.90,735.00,572.52,574.31,"6,555.60","1,139.36","11,874.60"
Tangle Teezer Flowerpot Brush Yellow / Pink,5060173370053,Scanlon Hair,1.00,,3.18,,34.95,,34.95,735.00,572.52,574.31,"6,555.60","1,139.36","11,874.60"
Tangle Teezer Salon Elite Hairbrush - Black,5060173375041,Scanlon Hair,1.00,,2.72,,29.95,,29.95,735.00,572.52,574.31,"6,555.60","1,139.36","11,874.60"
Tangle Teezer Salon Elite Hairbrush - Blue/Pink,5060173375010,Scanlon Hair,1.00,,2.72,,29.95,,29.95,735.00,572.52,574.31,"6,555.60","1,139.36","11,874.60"
Tangle Teezer Salon Elite Hairbrush - Purple/Pink,5060173375027,Scanlon Hair,2.00,,2.72,,29.95,,59.90,735.00,572.52,574.31,"6,555.60","1,139.36","11,874.60"
Tangle Teezer Salon Original Hairbrush - White/Red,5060173373900,Scanlon Hair,0.00,,2.72,,29.95,,0.00,735.00,572.52,574.31,"6,555.60","1,139.36","11,874.60"

